Date,Low,Open,Volume,High,Close,Adjusted Close,Stock_Return,Unnamed: 0,GDP,GDP Growth,CPI,Core CPI,PPI,Unemployment Rate,Labor Force Participation Rate,Fed Funds Rate,10Y Treasury Yield,Money Supply (M2),Consumer Confidence,Housing Starts,Home Price Index,S&P 500 Index,VIX (Volatility Index),Corporate Bond Yield,Oil Prices (WTI),Trade Balance,USD Index,Market_Return,Beta,Treynor_Ratio
28-01-2022,24.780000686645508,24.86000061035156,230600,25.4950008392334,25.447999954223636,25.447999954223636,0.0,5836,21908.4616,-0.61,284.26912903225804,288.068,251.85909677419355,3.825806451612903,62.2,0.08,1.78,21671.516129032258,63.36774193548387,1738.1290322580646,290.7065806451613,4431.85,27.66,1.91,87.67,-86875.80645161291,90.8221,0.024347568825681787,1.5008374191292264,-1.1860045447379246
31-01-2022,26.67200088500977,26.67200088500977,100,26.67200088500977,26.67200088500977,26.67200088500977,0.048098119026559694,5837,21908.974,-0.5666666666666667,284.4610322580645,288.20899999999995,252.4597741935484,3.8064516129032255,62.2,0.08,1.79,21681.029032258062,62.94193548387096,1741.032258064516,291.1906451612904,4515.55,24.83,1.93,89.16,-87021.45161290323,90.8221,0.018886018254227865,1.5008374191292264,-1.1606199704056404
01-02-2022,27.069000244140625,27.069000244140625,100,27.069000244140625,27.069000244140625,27.069000244140625,0.01488449857370755,5838,21909.1448,-0.5522222222222222,284.525,288.256,252.66,3.8,62.2,0.08,1.81,21684.2,62.8,1742.0,291.35200000000003,4546.54,21.96,1.92,88.22,-87070.0,90.8221,0.006862951356977565,1.5008374191292264,-1.1960759230455513
02-02-2022,26.527999877929688,26.527999877929688,100,26.527999877929688,26.527999877929688,26.527999877929688,-0.01998597514985956,5839,21909.3156,-0.5377777777777778,284.6300714285714,288.28414285714285,252.92264285714285,3.7964285714285713,62.20357142857143,0.0842857142857142,1.78,21685.507142857143,62.67857142857142,1739.7142857142858,291.5359285714286,4589.38,22.09,1.91,88.16,-87600.14285714286,90.8221,0.009422549895085064,1.5008374191292264,-1.1993210938158756
03-02-2022,25.15900039672852,25.15900039672852,100,25.15900039672852,25.15900039672852,25.15900039672852,-0.0516058311030122,5840,21909.4864,-0.5233333333333334,284.7351428571428,288.3122857142857,253.18528571428573,3.792857142857143,62.20714285714286,0.0885714285714285,1.82,21686.814285714285,62.55714285714286,1737.428571428571,291.7198571428572,4477.44,24.35,1.92,90.17,-88130.28571428571,90.8221,-0.024391094221877574,1.5008374191292264,-1.2470410233967266
04-02-2022,25.948999404907227,25.950000762939453,2300,26.02199935913086,25.97599983215332,25.97599983215332,0.03247344578646438,5841,21909.6572,-0.508888888888889,284.84021428571424,288.34042857142856,253.44792857142852,3.789285714285714,62.21071428571429,0.0928571428571428,1.93,21688.12142857143,62.43571428571428,1735.142857142857,291.90378571428573,4500.53,23.22,1.92,92.27,-88660.42857142857,90.8221,0.005156964694110977,1.5008374191292264,-1.264311863515813
07-02-2022,25.968000411987305,26.20599937438965,100,26.20599937438965,25.968000411987305,25.968000411987305,-0.00030795427385676977,5842,21910.1696,-0.4655555555555556,285.15542857142856,288.4248571428571,254.2358571428572,3.778571428571429,62.221428571428575,0.1057142857142857,1.92,21692.042857142857,62.07142857142857,1728.2857142857142,292.45557142857143,4483.87,22.86,1.93,91.25,-90250.85714285714,90.8221,-0.003701786234065696,1.5008374191292264,-1.279490989362461
08-02-2022,26.26000022888184,26.309999465942383,6500,26.3700008392334,26.3700008392334,26.3700008392334,0.015480607704416283,5843,21910.3404,-0.4511111111111111,285.2605,288.453,254.4985,3.775,62.225,0.11,1.96,21693.35,61.95,1726.0,292.6395,4521.54,21.44,1.91,89.32,-90781.0,90.8221,0.008401224834796661,1.5008374191292264,-1.295622941906511
09-02-2022,27.09499931335449,27.09499931335449,100,27.09499931335449,27.09499931335449,27.09499931335449,0.027493304931656803,5844,21910.5112,-0.4366666666666666,285.3655714285714,288.48114285714286,254.7611428571429,3.7714285714285714,62.22857142857143,0.1142857142857143,1.94,21694.657142857144,61.82857142857143,1723.7142857142858,292.8234285714286,4587.18,19.96,1.92,89.57,-91311.14285714286,90.8221,0.014517177775713597,1.5008374191292264,-1.2742930517936872
10-02-2022,26.739999771118164,26.86000061035156,4400,26.86000061035156,26.76000022888184,26.76000022888184,-0.01236387130327532,5845,21910.682,-0.4222222222222223,285.4706428571428,288.5092857142857,255.0237857142857,3.767857142857143,62.23214285714286,0.1185714285714285,2.03,21695.964285714286,61.707142857142856,1721.428571428571,293.0073571428572,4504.08,23.91,1.91,89.83,-91841.28571428572,90.8221,-0.018115705073705524,1.5008374191292264,-1.3608161985248461
11-02-2022,25.97900009155273,25.97900009155273,100,25.97900009155273,25.97900009155273,25.97900009155273,-0.02918535615280682,5846,21910.8528,-0.4077777777777778,285.57571428571424,288.53742857142856,255.2864285714286,3.764285714285714,62.23571428571429,0.1228571428571428,1.92,21697.27142857143,61.58571428571428,1719.142857142857,293.1912857142857,4418.64,27.36,2.0,93.1,-92371.42857142857,90.8221,-0.0189694676826343,1.5008374191292264,-1.2987318488392354
14-02-2022,26.025999069213867,26.025999069213867,100,26.025999069213867,26.025999069213867,26.025999069213867,0.0018091141882099482,5847,21911.3652,-0.3644444444444444,285.89092857142856,288.6218571428571,256.07435714285714,3.753571428571429,62.246428571428574,0.1357142857142857,1.98,21701.19285714285,61.22142857142857,1712.2857142857142,293.74307142857145,4401.67,28.33,2.0,95.52,-93961.85714285714,90.8221,-0.0038405482229827426,1.5008374191292264,-1.318058079175238
15-02-2022,26.475000381469727,26.475000381469727,100,26.84499931335449,26.84499931335449,26.84499931335449,0.03146854197460636,5848,21911.536,-0.35,285.996,288.65,256.337,3.75,62.25,0.14,2.05,21702.5,61.1,1710.0,293.927,4471.07,25.7,1.99,92.07,-94492.0,90.8221,0.015766743077059386,1.5008374191292264,-1.3449367881542618
16-02-2022,26.679000854492188,26.679000854492188,0,26.679000854492188,26.679000854492188,26.679000854492188,-0.006183589611035045,5849,21911.7068,-0.3355555555555556,286.1010714285714,288.67814285714286,256.59964285714284,3.746428571428571,62.25357142857143,0.1442857142857143,2.03,21703.807142857146,60.97857142857143,1707.7142857142858,294.1109285714286,4475.01,24.29,2.05,93.83,-95022.14285714286,90.8221,0.0008812208263346832,1.5008374191292264,-1.3566983096626228
17-02-2022,25.86000061035156,25.86000061035156,100,25.86000061035156,25.86000061035156,25.86000061035156,-0.030698310203124635,5850,21911.8776,-0.3211111111111111,286.2061428571428,288.7062857142857,256.8622857142857,3.742857142857143,62.25714285714286,0.1485714285714285,1.97,21705.114285714284,60.85714285714285,1705.428571428571,294.29485714285715,4380.26,28.11,2.12,91.78,-95552.28571428572,90.8221,-0.021173137043269175,1.5008374191292264,-1.333054656488984
18-02-2022,25.16399955749512,25.16399955749512,100,25.16399955749512,25.16399955749512,25.16399955749512,-0.026914193210723858,5851,21912.0484,-0.3066666666666666,286.31121428571424,288.73442857142857,257.1249285714286,3.7392857142857134,62.260714285714286,0.1528571428571428,1.92,21706.42142857143,60.73571428571428,1703.142857142857,294.4787857142857,4348.87,27.75,2.13,91.26,-96082.42857142858,90.8221,-0.007166241273349194,1.5008374191292264,-1.2972185850352183
22-02-2022,24.562000274658203,24.562000274658203,100,24.562000274658203,24.562000274658203,24.562000274658203,-0.023923036616713467,5853,21912.7316,-0.2488888888888889,286.7315,288.847,258.1755,3.725,62.275,0.17,1.94,21711.65,60.25,1694.0,295.21450000000004,4304.76,28.81,2.13,92.11,-98203.0,90.8221,-0.002555153607539773,1.5008374191292264,-1.3085514870465886
23-02-2022,23.641000747680664,23.641000747680664,100,23.641000747680664,23.641000747680664,23.641000747680664,-0.03749692682512418,5854,21912.9024,-0.2344444444444444,286.8365714285714,288.87514285714286,258.43814285714285,3.721428571428572,62.27857142857143,0.1742857142857143,1.99,21712.957142857143,60.12857142857143,1691.7142857142858,295.3984285714286,4225.5,31.02,2.1,92.14,-98733.14285714286,90.8221,-0.018412176288573612,1.5008374191292264,-1.3509104323914456
24-02-2022,24.57699966430664,24.57699966430664,100,24.57699966430664,24.57699966430664,24.57699966430664,0.03959218675283038,5855,21913.0732,-0.2199999999999999,286.9416428571428,288.9032857142857,258.7007857142857,3.717857142857143,62.28214285714286,0.1785714285714285,1.96,21714.26428571429,60.00714285714285,1689.428571428571,295.5823571428572,4288.7,30.32,2.24,92.77,-99263.28571428572,90.8221,0.014956809844988816,1.5008374191292264,-1.279557524865934
25-02-2022,25.040000915527344,25.040000915527344,100,25.040000915527344,25.040000915527344,25.040000915527344,0.01883880284594386,5856,21913.244,-0.2055555555555556,287.04671428571424,288.93142857142857,258.9634285714286,3.7142857142857135,62.285714285714285,0.1828571428571428,1.97,21715.571428571428,59.885714285714286,1687.142857142857,295.76628571428574,4384.65,27.59,2.2,91.68,-99793.42857142858,90.8221,0.022372746986266234,1.5008374191292264,-1.3000483412028092
28-02-2022,25.309999465942383,25.309999465942383,100,25.309999465942383,25.309999465942383,25.309999465942383,0.010782689318817651,5857,21913.7564,-0.1622222222222222,287.36192857142856,289.0158571428571,259.7513571428572,3.7035714285714287,62.29642857142857,0.1957142857142857,1.83,21719.492857142857,59.52142857142857,1680.2857142857142,296.31807142857144,4373.94,30.15,2.34,96.13,-101383.85714285714,90.8221,-0.002442612295166069,1.5008374191292264,-1.2121348305245996
01-03-2022,24.812000274658203,24.812000274658203,100,24.812000274658203,24.812000274658203,24.812000274658203,-0.01967598584718644,5858,21913.9272,-0.1477777777777777,287.467,289.044,260.014,3.7,62.3,0.2,1.72,21720.8,59.4,1678.0,296.502,4306.26,33.32,2.25,103.66,-101914.0,90.8221,-0.015473463284818578,1.5008374191292264,-1.1591368683068497
02-03-2022,25.059999465942383,25.059999465942383,9700,25.37800025939941,25.37800025939941,25.37800025939941,0.02281154193437973,5859,21914.098,-0.1333333333333334,287.5029677419355,289.09012903225806,260.1848387096774,3.7,62.29677419354839,0.2041935483870967,1.86,21721.729032258063,59.58709677419355,1682.8387096774193,296.6285161290323,4386.54,30.74,2.24,110.74,-101380.51612903226,90.8221,0.018642627244987553,1.5008374191292264,-1.2241089105651044
03-03-2022,24.631999969482425,24.8799991607666,2100,24.8799991607666,24.631999969482425,24.631999969482425,-0.029395550567097306,5860,21914.2688,-0.1188888888888889,287.53893548387094,289.1362580645161,260.35567741935483,3.7,62.29354838709677,0.2083870967741935,1.86,21722.658064516127,59.774193548387096,1687.6774193548388,296.75503225806455,4363.49,30.48,2.24,107.69,-100847.03225806452,90.8221,-0.005254711002293466,1.5008374191292264,-1.2588942189776353
04-03-2022,23.85099983215332,23.85099983215332,200,23.85099983215332,23.85099983215332,23.85099983215332,-0.03170672857651502,5861,21914.4396,-0.1044444444444444,287.57490322580645,289.18238709677416,260.52651612903225,3.7,62.29032258064516,0.2125806451612903,1.74,21723.5870967742,59.961290322580645,1692.516129032258,296.8815483870968,4328.87,31.98,2.31,115.77,-100313.54838709676,90.8221,-0.00793401612012401,1.5008374191292264,-1.1804787820418583
07-03-2022,22.711000442504883,22.711000442504883,100,22.711000442504883,22.711000442504883,22.711000442504883,-0.04779671282843312,5862,21914.952,-0.0611111111111111,287.68280645161286,289.32077419354835,261.03903225806454,3.7,62.28064516129032,0.2251612903225806,1.78,21726.374193548385,60.52258064516129,1707.032258064516,297.2610967741936,4201.09,36.45,2.32,119.26,-98713.09677419356,90.8221,-0.02951809594651711,1.5008374191292264,-1.2178512406020006
08-03-2022,22.802000045776367,22.86000061035156,200,22.86000061035156,22.802000045776367,22.802000045776367,0.0040068513715130205,5863,21915.1228,-0.0466666666666667,287.7187741935484,289.3669032258064,261.20987096774195,3.7,62.27741935483871,0.2293548387096774,1.86,21727.30322580645,60.70967741935484,1711.8709677419354,297.38761290322583,4170.7,35.13,2.35,123.64,-98179.6129032258,90.8221,-0.007233836932796112,1.5008374191292264,-1.2366383759976607
09-03-2022,23.61899948120117,23.61899948120117,100,23.691999435424805,23.691999435424805,23.691999435424805,0.0390316370433168,5864,21915.2936,-0.0322222222222222,287.7547419354839,289.4130322580645,261.38070967741936,3.7,62.274193548387096,0.2335483870967742,1.94,21728.23225806452,60.89677419354839,1716.7096774193549,297.5141290322581,4277.88,32.45,2.32,108.81,-97646.12903225806,90.8221,0.025698324022346508,1.5008374191292264,-1.2666051223986736
10-03-2022,23.5629997253418,23.5629997253418,100,23.5629997253418,23.5629997253418,23.5629997253418,-0.005444863800313948,5865,21915.4644,-0.0177777777777777,287.79070967741933,289.4591612903226,261.5515483870968,3.7,62.270967741935486,0.237741935483871,1.98,21729.16129032258,61.08387096774194,1721.548387096774,297.6406451612904,4259.52,30.23,2.38,105.93,-97112.64516129032,90.8221,-0.0042918454935622075,1.5008374191292264,-1.3228913661762596
11-03-2022,22.93600082397461,22.93600082397461,100,22.93600082397461,22.93600082397461,22.93600082397461,-0.026609468602287523,5866,21915.6352,-0.0033333333333334,287.82667741935484,289.5052903225806,261.7223870967742,3.7,62.26774193548387,0.2419354838709677,2.0,21730.090322580643,61.270967741935486,1726.3870967741937,297.7671612903226,4204.31,30.75,2.35,109.31,-96579.16129032258,90.8221,-0.012961554353542182,1.5008374191292264,-1.3503191236916985
14-03-2022,22.301000595092773,22.665000915527344,1400,22.709999084472656,22.301000595092773,22.301000595092773,-0.02768574320149486,5867,21916.1476,0.04,287.9345806451613,289.64367741935484,262.2349032258065,3.7,62.25806451612903,0.254516129032258,2.14,21732.87741935484,61.83225806451613,1740.9032258064517,298.1467096774194,4173.11,31.77,2.33,103.22,-94978.70967741936,90.8221,-0.00742095611408311,1.6542050793497096,-1.310409313973115
15-03-2022,22.97800064086914,22.97800064086914,100,22.97800064086914,22.97800064086914,22.97800064086914,0.030357384319577907,5868,21916.3184,0.0544444444444445,287.9705483870968,289.68980645161287,262.4057419354839,3.7,62.25483870967742,0.2587096774193548,2.15,21733.8064516129,62.01935483870968,1745.741935483871,298.27322580645165,4262.45,29.83,2.36,96.42,-94445.2258064516,90.8221,0.021408493905025416,1.58347382637504,-1.3386028744995448
16-03-2022,23.309999465942383,23.309999465942383,1500,24.062000274658203,24.062000274658203,24.062000274658203,0.04717554197735718,5869,21916.4892,0.0688888888888887,288.00651612903226,289.73593548387095,262.5765806451613,3.7,62.251612903225805,0.2629032258064516,2.19,21734.735483870965,62.20645161290322,1750.5806451612902,298.3997419354839,4357.86,26.67,2.23,94.85,-93911.74193548388,90.8221,0.022383840279651235,1.6231294175978601,-1.3201809016522552
17-03-2022,24.70199966430664,24.70199966430664,100,24.70199966430664,24.70199966430664,24.70199966430664,0.026597929612796056,5870,21916.66,0.0833333333333332,288.0424838709677,289.782064516129,262.7474193548387,3.7,62.2483870967742,0.2670967741935484,2.2,21735.66451612904,62.39354838709677,1755.4193548387098,298.5262580645161,4411.67,25.67,2.17,102.97,-93378.25806451612,90.8221,0.012347803738532281,1.6882907030854146,-1.2873387660165574
18-03-2022,25.34000015258789,25.34000015258789,200,25.50900077819824,25.50900077819824,25.50900077819824,0.032669465017347576,5871,21916.8308,0.0977777777777777,288.0784516129032,289.8281935483871,262.9182580645161,3.7,62.24516129032258,0.2712903225806451,2.14,21736.593548387096,62.58064516129032,1760.258064516129,298.6527741935484,4463.12,23.87,2.14,104.69,-92844.7741935484,90.8221,0.011662250349640857,1.673826003316627,-1.2589902001803364
21-03-2022,25.174999237060547,25.174999237060547,100,25.174999237060547,25.174999237060547,25.174999237060547,-0.01309347802533889,5872,21917.343200000003,0.1411111111111109,288.1863548387097,289.9665806451613,263.4307741935484,3.7,62.23548387096774,0.2838709677419355,2.32,21739.38064516129,63.14193548387097,1774.774193548387,299.0323225806452,4461.18,23.53,2.07,112.14,-91244.32258064517,90.8221,-0.00043467350194470455,1.6566802699001013,-1.408294358552375
22-03-2022,25.614999771118164,25.700000762939453,4100,25.788000106811523,25.788000106811523,25.788000106811523,0.02434958841422996,5873,21917.514000000003,0.1555555555555554,288.22232258064514,290.01270967741937,263.6016129032258,3.7,62.23225806451613,0.2880645161290323,2.38,21740.309677419355,63.32903225806452,1779.6129032258063,299.15883870967747,4511.61,22.94,2.05,111.03,-90710.83870967742,90.8221,0.011304184094790948,1.6712343488301238,-1.409527283372761
23-03-2022,25.542999267578125,25.542999267578125,100,25.542999267578125,25.542999267578125,25.542999267578125,-0.009500575392377364,5874,21917.684800000003,0.1699999999999999,288.25829032258065,290.0588387096774,263.77245161290324,3.7,62.229032258064514,0.292258064516129,2.32,21741.23870967742,63.516129032258064,1784.451612903226,299.2853548387097,4456.24,23.57,2.03,114.89,-90177.35483870968,90.8221,-0.012272780670315009,1.6471648770492116,-1.4142485721074416
24-03-2022,25.7189998626709,25.71999931335449,11900,25.87700080871582,25.87700080871582,25.87700080871582,0.013076050217863289,5875,21917.855600000003,0.1844444444444444,288.2942580645161,290.10496774193547,263.94329032258065,3.7,62.2258064516129,0.2964516129032258,2.34,21742.16774193548,63.70322580645161,1789.2903225806451,299.41187096774195,4520.16,21.67,2.01,114.2,-89643.87096774194,90.8221,0.014343931206577842,1.616826718127613,-1.4391919206263863
25-03-2022,25.506000518798828,25.506000518798828,3000,25.552000045776367,25.552000045776367,25.552000045776367,-0.012559444788129648,5876,21918.0264,0.1988888888888889,288.3302258064516,290.15109677419355,264.11412903225806,3.7,62.222580645161294,0.3006451612903226,2.48,21743.096774193546,63.89032258064516,1794.1290322580644,299.5383870967742,4543.06,20.81,1.96,116.2,-89110.3870967742,90.8221,0.005066192347173759,1.6553631715734938,-1.5057477945572784
28-03-2022,25.77899932861328,25.77899932861328,1000,26.075000762939453,26.075000762939453,26.075000762939453,0.020468093152243627,5877,21918.5388,0.2422222222222221,288.4381290322581,290.28948387096773,264.6266451612903,3.7,62.21290322580646,0.3132258064516129,2.46,21745.88387096774,64.45161290322581,1808.6451612903224,299.917935483871,4575.52,19.63,1.94,107.55,-87509.93548387097,90.8221,0.007144963967017803,1.6804871215916792,-1.4516814056493008
29-03-2022,26.674999237060547,26.674999237060547,100,26.674999237060547,26.674999237060547,26.674999237060547,0.02301048730835986,5878,21918.7096,0.2566666666666666,288.4740967741935,290.3356129032258,264.79748387096777,3.7,62.20967741935484,0.3174193548387097,2.41,21746.812903225804,64.63870967741936,1813.483870967742,300.04445161290323,4631.6,18.9,1.91,104.25,-86976.45161290323,90.8221,0.012256530405287291,1.697817589347256,-1.4059163526567913
30-03-2022,26.249000549316406,26.249000549316406,100,26.249000549316406,26.249000549316406,26.249000549316406,-0.015969960634611202,5879,21918.8804,0.2711111111111111,288.51006451612903,290.3817419354839,264.9683225806452,3.7,62.20645161290323,0.3216129032258065,2.35,21747.74193548387,64.8258064516129,1818.3225806451608,300.1709677419355,4602.45,19.33,1.93,107.81,-86442.96774193548,90.8221,-0.006293721392175655,1.684785603836706,-1.4043151575171742
31-03-2022,25.86199951171875,25.86199951171875,100,25.86199951171875,25.86199951171875,25.86199951171875,-0.014743458017403843,5880,21919.0512,0.2855555555555555,288.5460322580645,290.4278709677419,265.1391612903226,3.7,62.20322580645161,0.3258064516129032,2.32,21748.67096774193,65.01290322580645,1823.1612903225807,300.29748387096777,4530.41,20.56,1.93,100.53,-85909.48387096774,90.8221,-0.015652532890091164,1.6477559569642393,-1.4169230875176704
01-04-2022,25.81999969482422,26.049999237060547,600,26.049999237060547,25.81999969482422,25.81999969482422,-0.0016239972812427395,5881,21919.222,0.3,288.582,290.474,265.31,3.7,62.2,0.33,2.39,21749.6,65.2,1828.0,300.42400000000004,4545.86,19.63,1.81,99.32,-85376.0,90.8221,0.0034102873691344016,1.670153327756837,-1.431978703711835
04-04-2022,26.43000030517578,26.43000030517578,400,26.540000915527344,26.518999099731445,26.518999099731445,0.027072014452709237,5882,21924.086681318684,0.3791208791208791,288.8537,290.6305,266.1041,3.69,62.21,0.374,2.42,21743.63,64.52,1799.2,300.713,4582.64,18.57,1.81,103.29,-85263.9,90.8221,0.0080908782936564,1.6664971622039388,-1.4359028264906546
05-04-2022,25.690000534057617,26.01000022888184,1000,26.059999465942383,25.690000534057617,25.690000534057617,-0.031260552578027845,5883,21925.70824175824,0.4054945054945055,288.94426666666664,290.68266666666665,266.3688,3.686666666666667,62.21333333333334,0.3886666666666666,2.54,21741.64,64.29333333333334,1789.6,300.80933333333337,4525.12,21.03,1.77,101.98,-85226.53333333334,90.8221,-0.012551716914267819,1.6747294689273007,-1.5353288995535346
06-04-2022,24.85700035095215,24.90999984741211,200,24.90999984741211,24.85700035095215,24.85700035095215,-0.03242507457332078,5884,21927.329802197804,0.4318681318681319,289.0348333333333,290.7348333333333,266.6335,3.6833333333333336,62.21666666666667,0.4033333333333333,2.61,21739.65,64.06666666666666,1780.0,300.9056666666667,4481.15,22.1,1.77,96.39,-85189.16666666667,90.8221,-0.009716869386889204,1.6859045969328206,-1.567363348662021
07-04-2022,24.76499938964844,24.950000762939453,200,24.950000762939453,24.76499938964844,24.76499938964844,-0.003701209317486409,5885,21928.951362637363,0.4582417582417583,289.1254,290.787,266.8982,3.68,62.22,0.418,2.66,21737.66,63.84,1770.4,301.002,4500.21,21.55,1.78,96.05,-85151.8,90.8221,0.004253372460194527,1.643477024268132,-1.6207717966143624
08-04-2022,24.450000762939453,24.584999084472656,4000,24.6200008392334,24.450000762939453,24.450000762939453,-0.012719508761250164,5886,21930.572923076925,0.4846153846153846,289.21596666666665,290.83916666666664,267.1629,3.6766666666666654,62.223333333333336,0.4326666666666667,2.72,21735.67,63.61333333333334,1760.8,301.09833333333336,4488.28,21.16,1.78,98.35,-85114.43333333333,90.8221,-0.0026509873983658894,1.7141732345604466,-1.5941909800394138
11-04-2022,24.224000930786133,24.38999938964844,8300,24.420000076293945,24.224000930786133,24.224000930786133,-0.009243346629906224,5887,21935.437604395607,0.5637362637362637,289.48766666666666,290.99566666666664,267.957,3.666666666666667,62.23333333333333,0.4766666666666667,2.79,21729.7,62.93333333333334,1732.0,301.38733333333334,4412.53,24.37,1.82,94.22,-85002.33333333333,90.8221,-0.01687728929567678,1.6536217055429607,-1.692795478703991
12-04-2022,24.117000579833984,24.920000076293945,67300,24.920000076293945,24.20499992370605,24.20499992370605,-0.0007843876465482014,5888,21937.05916483517,0.5901098901098901,289.57823333333334,291.0478333333333,268.2217,3.6633333333333336,62.236666666666665,0.4913333333333333,2.72,21727.71,62.70666666666667,1722.4,301.4836666666667,4397.45,24.26,1.92,100.52,-84964.96666666666,90.8221,-0.003417540503973915,1.672524889997256,-1.626752704201019
13-04-2022,24.6200008392334,24.655000686645508,1000,24.9950008392334,24.905000686645508,24.905000686645508,0.02891967631257386,5889,21938.680725274728,0.6164835164835165,289.6688,291.1,268.4864,3.66,62.24,0.506,2.7,21725.72,62.48,1712.8,301.58000000000004,4446.59,21.82,1.94,104.26,-84927.6,90.8221,0.011174658040455254,1.7225941954789366,-1.5506149566147702
14-04-2022,24.42799949645996,24.6299991607666,25400,24.75,24.42799949645996,24.42799949645996,-0.019152827827116803,5890,21940.30228571429,0.6428571428571429,289.75936666666666,291.15216666666663,268.7511,3.6566666666666654,62.24333333333333,0.5206666666666667,2.83,21723.73,62.25333333333334,1703.2,301.6763333333334,4392.59,22.7,1.93,106.84,-84890.23333333334,90.8221,-0.012144137417661627,1.6941609727162905,-1.6817485904299867
18-04-2022,24.040000915527344,24.280000686645508,2200,24.28499984741211,24.132999420166016,24.132999420166016,-0.012076309250648842,5892,21946.78852747253,0.7483516483516484,290.1216333333333,291.36083333333335,269.8099,3.6433333333333335,62.25666666666667,0.5793333333333334,2.85,21715.77,61.34666666666666,1664.8,302.06166666666667,4391.69,22.17,1.94,108.24,-84740.76666666666,90.8221,-0.00015367575326741267,1.6654821347471485,-1.7184671330534362
19-04-2022,24.489999771118164,24.489999771118164,800,24.875,24.80299949645996,24.80299949645996,0.027762818231955144,5893,21948.41008791209,0.7747252747252749,290.2122,291.413,270.0746,3.64,62.26,0.5940000000000001,2.93,21713.78,61.12,1655.2,302.158,4462.21,21.37,1.91,102.54,-84703.4,90.8221,0.016057599693967584,1.6818106712249368,-1.7256622469009653
20-04-2022,24.06999969482422,24.299999237060547,3900,24.399999618530277,24.06999969482422,24.06999969482422,-0.029552869270523585,5894,21950.03164835165,0.8010989010989011,290.3027666666666,291.4651666666667,270.3393,3.6366666666666654,62.263333333333335,0.6086666666666667,2.85,21711.79,60.89333333333333,1645.6,302.25433333333336,4459.45,20.32,1.91,102.56,-84666.03333333334,90.8221,-0.0006185275905885579,1.739316818160119,-1.6555654721470277
21-04-2022,23.23200035095215,24.399999618530277,1200,24.399999618530277,23.23200035095215,23.23200035095215,-0.034815095741453805,5895,21951.65320879121,0.8274725274725276,290.3933333333333,291.51733333333334,270.604,3.633333333333333,62.266666666666666,0.6233333333333333,2.9,21709.8,60.66666666666666,1636.0,302.3506666666667,4393.66,22.68,1.93,103.89,-84628.66666666667,90.8221,-0.01475294038502506,1.792705641962304,-1.6370869969087571
22-04-2022,22.7189998626709,23.309999465942383,1100,23.309999465942383,22.7189998626709,22.7189998626709,-0.022081632254289496,5896,21953.27476923077,0.8538461538461539,290.4839,291.5695,270.8687,3.63,62.27,0.638,2.9,21707.81,60.44,1626.4,302.447,4271.78,28.21,1.96,102.86,-84591.3,90.8221,-0.02773997077607282,1.6177214683050478,-1.8062946492982332
25-04-2022,22.809999465942383,22.8700008392334,2000,23.149999618530277,23.07999992370605,23.07999992370605,0.015889786663906058,5897,21958.13945054945,0.932967032967033,290.7556,291.726,271.6628,3.62,62.28,0.6819999999999999,2.81,21701.84,59.76,1597.6,302.73600000000005,4296.12,27.02,2.03,99.6,-84479.2,90.8221,0.005697858972138148,1.6127816086518005,-1.7324789657490087
26-04-2022,22.36000061035156,22.530000686645508,700,22.549999237060547,22.36199951171875,22.36199951171875,-0.03110920339517964,5898,21959.76101098901,0.9593406593406596,290.84616666666665,291.77816666666666,271.9275,3.616666666666666,62.28333333333333,0.6966666666666668,2.77,21699.85,59.53333333333333,1588.0,302.83233333333334,4175.2,33.52,2.06,102.62,-84441.83333333333,90.8221,-0.02814632738377887,1.5099287808227557,-1.8551267046309718
27-04-2022,22.084999084472656,22.43000030517578,4100,22.51000022888184,22.084999084472656,22.084999084472656,-0.012387104610253274,5899,21961.38257142857,0.9857142857142858,290.93673333333334,291.83033333333333,272.1922,3.613333333333333,62.28666666666666,0.7113333333333334,2.82,21697.86,59.306666666666665,1578.4,302.9286666666667,4183.96,31.6,2.05,101.96,-84404.46666666666,90.8221,0.002098103084882119,1.5112142924243814,-1.8742458424386435
28-04-2022,22.56999969482422,22.56999969482422,4400,22.722999572753903,22.722999572753903,22.722999572753903,0.028888409088946077,5900,21963.00413186813,1.0120879120879125,291.0273,291.8825,272.4569,3.61,62.29,0.726,2.85,21695.870000000003,59.08,1568.8,303.02500000000003,4287.5,29.99,2.06,105.47,-84367.1,90.8221,0.02474689050564538,1.4050717185231316,-2.007806116741371
29-04-2022,21.62800025939941,21.62800025939941,0,21.62800025939941,21.62800025939941,21.62800025939941,-0.048189030231178376,5901,21964.62569230769,1.0384615384615383,291.11786666666666,291.93466666666666,272.7216,3.606666666666667,62.29333333333333,0.7406666666666667,2.89,21693.88,58.85333333333333,1559.2,303.1213333333334,4131.93,33.4,2.05,104.59,-84329.73333333334,90.8221,-0.03628454810495618,1.3580408533621147,-2.1635498099759487
02-05-2022,22.08300018310547,22.08300018310547,100,22.08300018310547,22.08300018310547,22.08300018310547,0.02103754014467052,5903,21969.490373626373,1.1175824175824176,291.4207096774193,292.1025483870968,273.4768064516129,3.6,62.29677419354839,0.7841935483870968,2.99,21688.370967741936,58.12903225806451,1540.0645161290322,303.33729032258066,4155.38,32.34,2.08,105.18,-84156.93548387097,90.8221,0.0018846407006845034,1.3283846702475246,-2.2350171048737772
03-05-2022,21.86599922180176,21.86599922180176,100,21.86599922180176,21.86599922180176,21.86599922180176,-0.00982660686973702,5904,21971.11193406593,1.143956043956044,291.54241935483867,292.16609677419353,273.70261290322577,3.6,62.29354838709677,0.7983870967741936,2.97,21686.84193548388,57.85806451612903,1540.1290322580646,303.3605806451613,4175.48,29.25,2.05,102.53,-84058.87096774194,90.8221,0.004837102743912469,1.3136870780196557,-2.268292546016162
04-05-2022,21.61000061035156,21.61000061035156,100,22.34499931335449,22.34499931335449,22.34499931335449,0.021906160642095607,5905,21972.733494505494,1.1703296703296704,291.664129032258,292.2296451612903,273.9284193548387,3.6,62.29032258064516,0.8125806451612904,2.93,21685.312903225808,57.58709677419355,1540.1935483870968,303.3838709677419,4300.17,25.42,2.08,107.84,-83960.80645161291,90.8221,0.0298624349775356,1.2172497722113633,-2.3890691177331704
05-05-2022,20.98699951171875,20.98699951171875,0,20.98699951171875,20.98699951171875,20.98699951171875,-0.060774215411326105,5906,21974.355054945056,1.196703296703297,291.7858387096774,292.2931935483871,274.1542258064516,3.6,62.28709677419354,0.8267741935483871,3.05,21683.78387096774,57.31612903225806,1540.258064516129,303.4071612903226,4146.87,31.2,2.1,108.17,-83862.74193548386,90.8221,-0.03564975338184306,1.291890279132762,-2.4079244697928757
06-05-2022,20.51300048828125,21.040000915527344,200,21.040000915527344,20.51300048828125,20.51300048828125,-0.022585364009411024,5907,21975.976615384618,1.2230769230769232,291.9075483870968,292.35674193548385,274.3800322580645,3.6,62.28387096774193,0.8409677419354838,3.12,21682.25483870968,57.04516129032258,1540.3225806451612,303.43045161290325,4123.34,30.19,2.09,109.72,-83764.67741935483,90.8221,-0.005674159064547379,1.3016344249228204,-2.4143379307102673
09-05-2022,19.174999237060547,19.174999237060547,100,19.174999237060547,19.174999237060547,19.174999237060547,-0.06522698870821375,5908,21980.841296703296,1.3021978021978025,292.2726774193548,292.5473870967742,275.0574516129032,3.6,62.274193548387096,0.8835483870967742,3.05,21677.66774193549,56.23225806451613,1540.516129032258,303.5003225806452,3991.24,34.75,2.17,103.08,-83470.48387096774,90.8221,-0.032037134944001844,1.3885108386339535,-2.243574124184036
10-05-2022,19.24099922180176,19.24099922180176,100,19.24099922180176,19.24099922180176,19.24099922180176,0.0034419810882522217,5909,21982.46285714286,1.3285714285714287,292.3943870967741,292.61093548387095,275.28325806451613,3.6,62.270967741935486,0.8977419354838709,2.99,21676.13870967742,55.961290322580645,1540.5806451612902,303.5236129032258,4001.05,32.99,2.16,99.74,-83372.41935483871,90.8221,0.00245788276325154,1.3714106347289365,-2.1777270376075584
11-05-2022,18.201000213623047,18.201000213623047,100,18.201000213623047,18.201000213623047,18.201000213623047,-0.05405119537660519,5910,21984.084417582417,1.3549450549450552,292.5160967741936,292.6744838709677,275.509064516129,3.6,62.26774193548387,0.9119354838709678,2.91,21674.60967741936,55.69032258064516,1540.645161290323,303.5469032258065,3935.18,32.56,2.17,105.5,-83274.35483870968,90.8221,-0.016463178415666024,1.388441835418971,-2.1348040081795605
12-05-2022,18.59000015258789,18.59000015258789,100,18.59000015258789,18.59000015258789,18.59000015258789,0.021372448458831794,5911,21985.70597802198,1.3813186813186815,292.6378064516129,292.7380322580645,275.7348709677419,3.6,62.26451612903226,0.9261290322580644,2.84,21673.08064516129,55.41935483870968,1540.7096774193549,303.5701935483871,3930.08,31.77,2.2,106.15,-83176.29032258065,90.8221,-0.0012960017076728558,1.402136281982932,-2.0102379403198976
13-05-2022,19.3799991607666,19.530000686645508,3600,19.670000076293945,19.565000534057617,19.565000534057617,0.05244757253721688,5912,21987.32753846154,1.4076923076923078,292.75951612903225,292.80158064516127,275.9606774193548,3.6,62.26129032258064,0.9403225806451612,2.93,21671.551612903226,55.148387096774194,1540.774193548387,303.59348387096776,4023.89,28.87,2.24,110.52,-83078.2258064516,90.8221,0.02386974310955492,1.4907849628468726,-1.9302263567024949
16-05-2022,18.94300079345703,19.489999771118164,700,19.489999771118164,18.94300079345703,18.94300079345703,-0.03179145022346641,5913,21992.19221978022,1.486813186813187,293.1246451612903,292.9922258064516,276.6380967741935,3.6,62.251612903225805,0.9829032258064516,2.88,21666.964516129032,54.33548387096774,1540.967741935484,303.66335483870967,4008.01,27.47,2.29,114.07,-82784.03225806452,90.8221,-0.003946429947140562,1.493507415309808,-1.9496330720389858
17-05-2022,19.417999267578125,19.417999267578125,100,19.417999267578125,19.417999267578125,19.417999267578125,0.025075144075650257,5914,21993.81378021978,1.5131868131868134,293.2463548387097,293.0557741935484,276.86390322580644,3.6,62.2483870967742,0.9970967741935484,2.98,21665.43548387097,54.064516129032256,1541.032258064516,303.6866451612904,4088.85,26.1,2.27,112.31,-82685.96774193548,90.8221,0.020169610355263545,1.4649919872399997,-2.017024585568784
18-05-2022,18.288000106811523,18.288000106811523,100,18.288000106811523,18.288000106811523,18.288000106811523,-0.058193387753049275,5915,21995.43534065934,1.53956043956044,293.36806451612904,293.1193225806452,277.0897096774193,3.6,62.24516129032258,1.011290322580645,2.89,21663.906451612904,53.79354838709678,1541.0967741935483,303.709935483871,3923.68,30.96,2.31,109.67,-82587.90322580645,90.8221,-0.04039522115020122,1.4396212557209718,-2.047895150225866
19-05-2022,18.517000198364254,18.690000534057617,300,18.690000534057617,18.517000198364254,18.517000198364254,0.012521877198996556,5916,21997.056901098906,1.565934065934066,293.4897741935484,293.182870967742,277.31551612903223,3.6,62.24193548387097,1.025483870967742,2.84,21662.37741935484,53.52258064516129,1541.1612903225807,303.7332258064516,3900.79,29.35,2.37,112.21,-82489.83870967742,90.8221,-0.005833809077192775,1.4292033852562687,-1.978359519694261
20-05-2022,18.010000228881836,18.149999618530277,600,18.295000076293945,18.295000076293945,18.295000076293945,-0.011988989560518526,5917,21998.67846153846,1.5923076923076926,293.61148387096773,293.24641935483874,277.5413225806452,3.6,62.23870967741936,1.0396774193548386,2.78,21660.848387096776,53.251612903225805,1541.225806451613,303.75651612903226,3901.36,29.43,2.36,112.63,-82391.7741935484,90.8221,0.00014612424662696633,1.430891434479388,-1.951223497662734
23-05-2022,18.25,18.25,400,18.483999252319336,18.483999252319336,18.483999252319336,0.01033064636442882,5918,22003.543142857143,1.6714285714285717,293.9766129032258,293.43706451612906,278.2187419354838,3.6,62.229032258064514,1.082258064516129,2.86,21656.26129032258,52.43870967741936,1541.4193548387098,303.8263870967742,3973.75,28.48,2.33,110.32,-82097.58064516129,90.8221,0.01855506797629536,1.4032725592773434,-2.0307311896008944
24-05-2022,17.652999877929688,17.729999542236328,100,17.729999542236328,17.652999877929688,17.652999877929688,-0.0449577693142017,5919,22005.164703296705,1.697802197802198,294.0983225806452,293.50061290322583,278.44454838709675,3.6,62.2258064516129,1.0964516129032258,2.76,21654.73225806452,52.16774193548387,1541.483870967742,303.84967741935486,3941.48,29.45,2.34,112.55,-81999.51612903226,90.8221,-0.008120792702107527,1.4382729666506158,-1.950226302206221
25-05-2022,17.924999237060547,17.950000762939453,5800,18.19099998474121,18.19099998474121,18.19099998474121,0.030476412537913555,5920,22006.786263736263,1.7241758241758245,294.2200322580645,293.5641612903226,278.67035483870967,3.6,62.222580645161294,1.1106451612903223,2.75,21653.203225806454,51.89677419354839,1541.548387096774,303.8729677419355,3978.73,28.37,2.29,112.88,-81901.45161290323,90.8221,0.009450764687376267,1.464174521189023,-1.8573766638512623
26-05-2022,18.742000579833984,18.742000579833984,100,18.742000579833984,18.742000579833984,18.742000579833984,0.030289736438621206,5921,22008.407824175825,1.7505494505494508,294.34174193548387,293.6277096774194,278.89616129032254,3.6,62.21935483870968,1.1248387096774193,2.75,21651.674193548388,51.6258064516129,1541.6129032258063,303.89625806451613,4057.84,27.5,2.25,116.19,-81803.3870967742,90.8221,0.01988322907058282,1.4537167567405318,-1.8708666945955892
27-05-2022,19.479999542236328,19.479999542236328,100,19.479999542236328,19.479999542236328,19.479999542236328,0.039376744187939794,5922,22010.029384615384,1.7769230769230773,294.4634516129032,293.69125806451615,279.12196774193546,3.6,62.21612903225807,1.1390322580645162,2.74,21650.14516129032,51.354838709677416,1541.6774193548388,303.9195483870968,4158.24,25.72,2.26,114.96,-81705.32258064517,90.8221,0.024742227391912897,1.4746926961947584,-1.831312559410274
31-05-2022,19.299999237060547,19.43000030517578,2800,19.440000534057617,19.40800094604492,19.40800094604492,-0.0036960265853858143,5924,22016.515626373628,1.8824175824175824,294.95029032258066,293.94545161290324,280.02519354838705,3.6,62.20322580645161,1.1958064516129032,2.85,21644.029032258062,50.270967741935486,1541.9354838709678,304.01270967741937,4132.15,26.19,2.18,114.38,-81313.06451612903,90.8221,-0.001575988435905451,1.475814197688043,-1.9336418033217748
01-06-2022,19.28400039672852,19.3700008392334,200,19.3700008392334,19.28400039672852,19.28400039672852,-0.006389145881697256,5925,22018.137186813183,1.908791208791209,295.072,294.009,280.251,3.6,62.2,1.21,2.94,21642.5,50.0,1542.0,304.036,4101.23,25.69,2.08,115.26,-81215.0,90.8221,-0.007482787410912017,1.4587090653400527,-2.0198607219835423
02-06-2022,19.76000022888184,19.76000022888184,3000,20.040000915527344,20.0049991607666,20.0049991607666,0.03738844374637118,5926,22019.75874725275,1.935164835164836,295.0676,294.04470000000003,279.9851,3.5966666666666667,62.19666666666667,1.225666666666667,2.92,21642.476666666666,50.05,1537.0,304.00516666666664,4176.82,24.72,2.1,116.88,-80875.83333333333,90.8221,0.018431056049039052,1.486807614947576,-1.938792569578861
03-06-2022,19.459999084472656,19.459999084472656,100,19.46199989318848,19.46199989318848,19.46199989318848,-0.02714317872319838,5927,22021.380307692307,1.961538461538462,295.0632,294.0804,279.7192,3.5933333333333333,62.193333333333335,1.2413333333333334,2.96,21642.45333333333,50.1,1532.0,303.97433333333333,4108.54,24.79,2.09,118.97,-80536.66666666667,90.8221,-0.016347364741597592,1.475946501971543,-2.023883097885341
06-06-2022,19.479999542236328,19.84000015258789,2600,19.84000015258789,19.55500030517578,19.55500030517578,0.004778563996388208,5928,22026.24498901099,2.040659340659341,295.05,294.1875,278.9215,3.583333333333333,62.18333333333334,1.288333333333333,3.04,21642.38333333333,50.25,1517.0,303.88183333333336,4121.43,25.07,2.08,118.41,-79519.16666666667,90.8221,0.0031373675320187644,1.5280914663448852,-1.9862825641345296
07-06-2022,19.6200008392334,19.6200008392334,2200,19.770999908447266,19.770999908447266,19.770999908447266,0.011045747885481516,5929,22027.86654945055,2.0670329670329672,295.0456,294.2232,278.6556,3.58,62.18,1.304,2.98,21642.36,50.3,1512.0,303.851,4160.68,24.02,2.07,119.55,-79180.0,90.8221,0.009523393579413009,1.521629246936027,-1.951167972154087
08-06-2022,19.71999931335449,19.90999984741211,1700,19.90999984741211,19.722000122070312,19.722000122070312,-0.0024783666280843164,5930,22029.48810989011,2.093406593406593,295.0412,294.2589,278.3897,3.5766666666666667,62.17666666666667,1.3196666666666663,3.03,21642.336666666662,50.35,1507.0,303.82016666666664,4115.77,23.96,2.07,121.94,-78840.83333333333,90.8221,-0.010793908688002896,1.5442165725371246,-1.9637649411091138
09-06-2022,19.108999252319336,19.459999084472656,500,19.520000457763672,19.108999252319336,19.108999252319336,-0.031082084269180466,5931,22031.10967032967,2.11978021978022,295.0368,294.2946,278.1238,3.5733333333333333,62.17333333333334,1.3353333333333333,3.04,21642.31333333333,50.4,1502.0,303.78933333333333,4017.82,26.09,2.07,121.52,-78501.66666666667,90.8221,-0.023798705952956634,1.529574451599215,-2.007801634669221
10-06-2022,18.26000022888184,18.549999237060547,7300,18.549999237060547,18.277000427246094,18.277000427246094,-0.04353963355628154,5932,22032.73123076923,2.1461538461538465,295.0324,294.3303,277.8579,3.5700000000000003,62.17,1.351,3.15,21642.29,50.45,1497.0,303.7585,3900.86,27.75,2.04,120.73,-78162.5,90.8221,-0.02911031355312088,1.537343387682253,-2.07731054697608
13-06-2022,17.211999893188477,17.610000610351562,800,17.610000610351562,17.211999893188477,17.211999893188477,-0.05826998463434885,5933,22037.595912087912,2.2252747252747254,295.0192,294.4374,277.0602,3.56,62.16,1.398,3.43,21642.22,50.6,1482.0,303.666,3749.63,34.02,1.98,120.92,-77145.0,90.8221,-0.03876837415339185,1.5551393642390539,-2.2430594098820182
14-06-2022,17.229000091552734,17.31999969482422,2500,17.3799991607666,17.229000091552734,17.229000091552734,0.0009876945427467199,5934,22039.21747252747,2.251648351648352,295.0148,294.4731,276.7943,3.556666666666666,62.156666666666666,1.4136666666666666,3.49,21642.196666666667,50.65,1477.0,303.6351666666667,3735.48,32.69,1.99,118.92,-76805.83333333333,90.8221,-0.0037737056722930706,1.5453843670747656,-2.2576987187087645
15-06-2022,17.520000457763672,17.549999237060547,5100,17.93000030517578,17.78700065612793,17.78700065612793,0.03238728664519419,5935,22040.83903296704,2.2780219780219784,295.0104,294.5088,276.5284,3.553333333333333,62.153333333333336,1.4293333333333331,3.33,21642.17333333333,50.7,1472.0,303.60433333333333,3789.99,29.62,2.1,115.32,-76466.66666666667,90.8221,0.014592502168395916,1.5743940445502211,-2.0945281930972244
16-06-2022,16.799999237060547,17.15999984741211,900,17.15999984741211,16.83799934387207,16.83799934387207,-0.05335364464210057,5936,22042.460593406595,2.3043956043956046,295.006,294.5445,276.2625,3.55,62.150000000000006,1.4449999999999998,3.28,21642.15,50.75,1467.0,303.5735,3666.77,32.95,2.13,117.56,-76127.5,90.8221,-0.032511959134456814,1.6485506486798145,-2.021990435848303
17-06-2022,17.139999389648438,17.139999389648438,200,17.333999633789062,17.333999633789062,17.333999633789062,0.029457198553550556,5937,22044.08215384616,2.330769230769231,295.0016,294.5802,275.9966,3.546666666666667,62.14666666666667,1.4606666666666666,3.25,21642.126666666667,50.8,1462.0,303.54266666666666,3674.84,31.13,2.13,109.56,-75788.33333333333,90.8221,0.0022008470670371594,1.6595151310230276,-1.940652869769924
21-06-2022,17.701000213623047,17.889999389648438,7600,17.940000534057617,17.701000213623047,17.701000213623047,0.021172296503260135,5939,22050.5683956044,2.4362637362637365,294.984,294.723,274.933,3.533333333333333,62.13333333333333,1.5233333333333332,3.31,21642.033333333333,51.0,1442.0,303.4193333333333,3764.79,30.19,2.13,110.49,-74431.66666666667,90.8221,0.006009001143012949,1.6662351952705583,-1.973807607012352
22-06-2022,17.665000915527344,17.790000915527344,400,17.850000381469727,17.665000915527344,17.665000915527344,-0.0020337437241538803,5940,22052.18995604396,2.4626373626373628,294.9796,294.7587,274.6671,3.53,62.13,1.539,3.16,21642.01,51.05,1437.0,303.3885,3759.89,28.95,2.17,106.22,-74092.5,90.8221,-0.0013015334188627437,1.6249423274038142,-1.9459359820949247
23-06-2022,17.700000762939453,17.700000762939453,200,17.985000610351562,17.985000610351562,17.985000610351562,0.018114898286981873,5941,22053.81151648352,2.489010989010989,294.9752,294.7944,274.4012,3.526666666666667,62.126666666666665,1.5546666666666666,3.09,21641.986666666668,51.1,1432.0,303.35766666666666,3795.73,29.05,2.2,105.75,-73753.33333333333,90.8221,0.009532193760987795,1.6272872988854814,-1.8877337172218651
24-06-2022,18.65800094604492,18.65800094604492,100,18.65800094604492,18.65800094604492,18.65800094604492,0.03742008967772836,5942,22055.43307692308,2.515384615384616,294.9708,294.8301,274.1353,3.523333333333333,62.123333333333335,1.5703333333333331,3.13,21641.963333333333,51.15,1427.0,303.3268333333333,3911.74,27.23,2.22,109.07,-73414.16666666667,90.8221,0.03056329085577736,1.5406532028297337,-2.0073173538613998
27-06-2022,18.35700035095215,18.399999618530277,2100,18.399999618530277,18.35700035095215,18.35700035095215,-0.01613252116146857,5943,22060.29775824176,2.5945054945054946,294.9576,294.9372,273.3376,3.513333333333333,62.11333333333334,1.6173333333333333,3.2,21641.893333333333,51.3,1412.0,303.2343333333333,3900.11,26.95,2.19,111.44,-72396.66666666667,90.8221,-0.002973101484249896,1.5454551713071643,-2.0810260827178997
28-06-2022,17.743000030517578,18.020000457763672,600,18.020000457763672,17.743000030517578,17.743000030517578,-0.03344774792700389,5944,22061.91931868132,2.620879120879121,294.9532,294.9729,273.0717,3.51,62.11,1.633,3.2,21641.87,51.35,1407.0,303.2035,3821.55,28.36,2.22,113.66,-72057.5,90.8221,-0.02014302160708281,1.5134842614828867,-2.1364264103803268
29-06-2022,17.56999969482422,17.56999969482422,400,17.590999603271484,17.590999603271484,17.590999603271484,-0.008566782786713412,5945,22063.54087912088,2.647252747252748,294.9488,295.0086,272.8058,3.506666666666667,62.10666666666667,1.6486666666666667,3.1,21641.846666666665,51.4,1402.0,303.17266666666666,3818.83,28.16,2.24,111.65,-71718.33333333333,90.8221,-0.000711753084481459,1.5072409478058417,-2.06242192883095
30-06-2022,17.14900016784668,17.14900016784668,100,17.14900016784668,17.14900016784668,17.14900016784668,-0.02512645360657073,5946,22065.16243956044,2.673626373626374,294.9444,295.0443,272.5399,3.5033333333333334,62.10333333333333,1.6643333333333332,2.98,21641.823333333334,51.45,1397.0,303.1418333333333,3785.38,28.71,2.31,107.76,-71379.16666666667,90.8221,-0.008759227302603145,1.5299279887308634,-1.9642273856950898
01-07-2022,17.481000900268555,17.481000900268555,100,17.481000900268555,17.481000900268555,17.481000900268555,0.019359771950107962,5947,22066.784,2.7,294.94,295.08,272.274,3.5,62.1,1.68,2.88,21641.8,51.5,1392.0,303.111,3825.33,26.7,2.42,110.3,-71040.0,90.8221,0.010553762105785847,1.5474482639645144,-1.8486176854281515
05-07-2022,17.965999603271484,17.965999603271484,100,17.965999603271484,17.965999603271484,17.965999603271484,0.02774433259113196,5949,22074.726391304343,2.730434782608696,294.96864516129034,295.27380645161287,271.922,3.5129032258064514,62.1258064516129,1.7638709677419355,2.82,21637.25806451613,52.36451612903226,1408.516129032258,302.8383548387097,3831.39,27.54,2.41,101.55,-70715.09677419355,90.8221,0.0003955742680896712,1.5641427244533215,-1.785166803358549
06-07-2022,17.75,17.75,300,17.773000717163086,17.773000717163086,17.773000717163086,-0.010742451874108605,5950,22076.71198913044,2.73804347826087,294.9758064516129,295.3222580645161,271.834,3.5161290322580645,62.13225806451613,1.7848387096774192,2.93,21636.12258064516,52.58064516129032,1412.645161290323,302.7701935483871,3845.08,26.73,2.39,100.31,-70633.87096774194,90.8221,0.0035731157621645693,1.5565042876625068,-1.889324992666993
07-07-2022,18.190000534057617,18.190000534057617,100,18.24399948120117,18.24399948120117,18.24399948120117,0.026500801498491322,5951,22078.69758695652,2.745652173913044,294.98296774193545,295.3707096774193,271.746,3.5193548387096776,62.13870967741936,1.805806451612903,3.01,21634.98709677419,52.79677419354839,1416.774193548387,302.7020322580645,3902.62,26.08,2.33,104.62,-70552.64516129032,90.8221,0.014964578110208349,1.6076505580607372,-1.855813244701895
08-07-2022,18.100000381469727,18.100000381469727,200,18.3799991607666,18.26499938964844,18.26499938964844,0.00115105837779228,5952,22080.683184782607,2.7532608695652177,294.99012903225804,295.41916129032256,271.658,3.52258064516129,62.14516129032258,1.826774193548387,3.09,21633.851612903225,53.01290322580645,1420.9032258064517,302.6338709677419,3899.38,24.64,2.31,106.78,-70471.41935483871,90.8221,-0.0008302114989416909,1.5769628187599836,-1.9587328914013764
11-07-2022,17.781999588012695,17.8700008392334,300,17.93000030517578,17.781999588012695,17.781999588012695,-0.026444008638154215,5953,22086.639978260868,2.7760869565217394,295.0116129032258,295.56451612903226,271.394,3.532258064516129,62.16451612903226,1.889677419354839,2.99,21630.44516129032,53.66129032258065,1433.2903225806451,302.4293870967742,3854.43,26.17,2.32,106.09,-70227.74193548386,90.8221,-0.011527473598367033,1.5732377546274532,-1.9173478387266751
12-07-2022,17.510000228881836,17.510000228881836,200,17.554000854492188,17.554000854492188,17.554000854492188,-0.012821883860249739,5954,22088.62557608696,2.7836956521739133,295.0187741935484,295.61296774193545,271.306,3.535483870967742,62.170967741935485,1.9106451612903224,2.96,21629.309677419355,53.87741935483871,1437.4193548387098,302.3612258064516,3818.8,27.29,2.31,97.69,-70146.51612903226,90.8221,-0.009243908956706903,1.581593474794012,-1.879637170510856
13-07-2022,17.559999465942383,17.559999465942383,200,17.56399917602539,17.56399917602539,17.56399917602539,0.0005695750852514614,5955,22090.611173913043,2.791304347826088,295.02593548387097,295.6614193548387,271.218,3.5387096774193547,62.17741935483871,1.9316129032258065,2.91,21628.174193548388,54.09354838709677,1441.548387096774,302.29306451612905,3801.78,26.82,2.32,98.44,-70065.29032258065,90.8221,-0.004456897454697795,1.587652533505957,-1.832536001117295
14-07-2022,17.329999923706055,17.350000381469727,600,17.389999389648438,17.389999389648438,17.389999389648438,-0.009906615494178594,5956,22092.59677173913,2.798913043478261,295.03309677419355,295.70987096774195,271.13,3.541935483870968,62.18387096774193,1.9525806451612904,2.96,21627.038709677418,54.30967741935484,1445.6774193548388,302.22490322580643,3790.38,26.4,2.31,97.79,-69984.06451612903,90.8221,-0.00299859539478875,1.588126020397346,-1.8700698668428806
15-07-2022,17.809999465942383,17.809999465942383,2100,17.829999923706055,17.829999923706055,17.829999923706055,0.025301929240982624,5957,22094.58236956521,2.806521739130435,295.04025806451614,295.75832258064514,271.042,3.545161290322581,62.19032258064516,1.9735483870967745,2.93,21625.90322580645,54.52580645161291,1449.8064516129032,302.15674193548386,3863.16,24.23,2.3,99.59,-69902.83870967742,90.8221,0.019201241036518768,1.568943748546304,-1.8513717100758706
18-07-2022,17.916000366210938,18.270000457763672,600,18.270000457763672,17.916000366210938,17.916000366210938,0.0048233563024606685,5958,22100.53916304348,2.8293478260869565,295.06174193548384,295.90367741935484,270.778,3.554838709677419,62.20967741935484,2.036451612903226,2.96,21622.496774193547,55.1741935483871,1462.1935483870968,301.9522580645161,3830.85,25.3,2.28,104.48,-69659.16129032258,90.8221,-0.008363619420370894,1.5359335671066698,-1.924026342665577
19-07-2022,18.170000076293945,18.170000076293945,700,18.354999542236328,18.354999542236328,18.354999542236328,0.02450319083791319,5959,22102.524760869564,2.8369565217391304,295.0689032258064,295.95212903225803,270.69,3.5580645161290323,62.21612903225807,2.05741935483871,3.01,21621.36129032258,55.39032258064516,1466.3225806451612,301.88409677419355,3936.69,24.5,2.26,106.12,-69577.93548387097,90.8221,0.027628333137554417,1.4520766396858005,-2.0560187579411004
20-07-2022,18.8700008392334,18.8700008392334,200,18.90999984741211,18.90999984741211,18.90999984741211,0.03023701002545276,5960,22104.51035869565,2.8445652173913043,295.076064516129,296.0005806451613,270.602,3.5612903225806454,62.22258064516129,2.0783870967741938,3.04,21620.22580645161,55.60645161290323,1470.451612903226,301.81593548387093,3959.9,23.88,2.2,104.45,-69496.70967741935,90.8221,0.005895816028186118,1.4733079068121289,-2.0428608141301052
21-07-2022,18.920000076293945,18.920000076293945,400,19.152999877929688,19.152999877929688,19.152999877929688,0.012850345450998724,5961,22106.49595652174,2.8521739130434782,295.0832258064516,296.0490322580645,270.514,3.564516129032258,62.229032258064514,2.0993548387096777,2.91,21619.090322580643,55.822580645161295,1474.5806451612902,301.7477741935484,3998.95,23.11,2.23,98.44,-69415.48387096774,90.8221,0.009861360135356989,1.475075048136189,-1.9640693252927406
22-07-2022,18.65999984741211,18.76000022888184,7800,18.76000022888184,18.714000701904297,18.714000701904297,-0.022920648400946098,5962,22108.481554347825,2.859782608695652,295.0903870967742,296.0974838709677,270.426,3.567741935483871,62.23548387096774,2.120322580645161,2.77,21617.95483870968,56.03870967741936,1478.7096774193549,301.6796129032258,3961.63,23.03,2.28,97.71,-69334.25806451614,90.8221,-0.009332449768064022,1.4994476762542452,-1.8626329498725238
25-07-2022,18.5310001373291,18.540000915527344,2000,18.65999984741211,18.597999572753903,18.597999572753903,-0.006198628021777841,5963,22114.43834782609,2.882608695652174,295.11187096774194,296.2428387096774,270.162,3.57741935483871,62.254838709677415,2.183225806451613,2.81,21614.548387096773,56.68709677419355,1491.0967741935483,301.47512903225805,3966.84,23.36,2.31,99.83,-69090.58064516129,90.8221,0.0013151152429682345,1.507008272332649,-1.8687346842911987
26-07-2022,17.829999923706055,18.040000915527344,700,18.040000915527344,17.829999923706055,17.829999923706055,-0.041294744955955864,5964,22116.42394565217,2.890217391304348,295.1190322580645,296.29129032258066,270.074,3.5806451612903225,62.26129032258064,2.2041935483870967,2.81,21613.41290322581,56.903225806451616,1495.225806451613,301.4069677419355,3921.05,24.69,2.29,97.74,-69009.35483870968,90.8221,-0.011543193070554847,1.5472514289698878,-1.8428128044155434
27-07-2022,18.51000022888184,18.51000022888184,200,18.71999931335449,18.71999931335449,18.71999931335449,0.04991583810749911,5965,22118.40954347826,2.8978260869565218,295.12619354838705,296.33974193548386,269.986,3.583870967741936,62.26774193548387,2.2251612903225806,2.78,21612.27741935484,57.11935483870968,1499.354838709677,301.33880645161287,4023.61,23.24,2.3,100.03,-68928.12903225806,90.8221,0.026156259165274642,1.6000399919907562,-1.70625995322514
28-07-2022,18.958999633789062,18.958999633789062,100,18.958999633789062,18.958999633789062,18.958999633789062,0.012767111602620451,5966,22120.395141304347,2.905434782608696,295.13335483870964,296.3881935483871,269.898,3.5870967741935487,62.274193548387096,2.2461290322580645,2.68,21611.14193548387,57.33548387096774,1503.483870967742,301.2706451612903,4072.43,22.33,2.42,99.11,-68846.90322580645,90.8221,0.012133382708562568,1.5954246003830805,-1.6718012795822161
29-07-2022,19.09600067138672,19.09600067138672,4500,19.520000457763672,19.493000030517575,19.493000030517575,0.028166063982448142,5967,22122.38073913044,2.9130434782608696,295.1405161290322,296.4366451612903,269.81,3.5903225806451613,62.28064516129032,2.2670967741935484,2.67,21610.006451612902,57.55161290322581,1507.6129032258063,301.20248387096774,4130.29,21.33,2.36,101.31,-68765.67741935483,90.8221,0.014207733466259809,1.5871848790306404,-1.664477762433718
01-08-2022,19.58300018310547,19.790000915527344,200,19.790000915527344,19.58300018310547,19.58300018310547,0.004617049835684339,5968,22128.337532608693,2.9358695652173914,295.162,296.582,269.546,3.6,62.3,2.33,2.6,21606.6,58.2,1520.0,300.998,4118.63,22.84,2.38,96.59,-68522.0,90.8221,-0.0028230463236237346,1.5624735945691974,-1.6610731593706776
02-08-2022,19.72900009155273,19.729999542236328,600,19.93000030517578,19.863000869750977,19.863000869750977,0.01429815064226303,5969,22130.323130434783,2.9434782608695653,295.20261290322577,296.63680645161287,269.4928387096774,3.596774193548387,62.3,2.3374193548387097,2.75,21603.82258064516,58.21290322580646,1518.3870967741937,300.93429032258064,4091.19,23.93,2.29,97.14,-68608.93548387097,90.8221,-0.006662409587654183,1.5145285501408272,-1.8063058957213844
03-08-2022,20.270000457763672,20.270000457763672,100,20.382999420166016,20.382999420166016,20.382999420166016,0.02617925427405754,5970,22132.30872826087,2.9510869565217392,295.2432258064516,296.6916129032258,269.43967741935484,3.5935483870967744,62.3,2.34483870967742,2.73,21601.04516129032,58.2258064516129,1516.774193548387,300.8705806451613,4155.17,21.95,2.29,93.25,-68695.87096774194,90.8221,0.015638481713144525,1.5136938754527238,-1.786240130566208
04-08-2022,20.584999084472656,20.59000015258789,200,20.59000015258789,20.584999084472656,20.584999084472656,0.009910203113031146,5971,22134.294326086954,2.958695652173913,295.2838387096774,296.7464193548387,269.38651612903226,3.5903225806451613,62.3,2.3522580645161293,2.68,21598.267741935484,58.23870967741936,1515.1612903225807,300.806870967742,4151.94,21.44,2.32,91.29,-68782.80645161291,90.8221,-0.0007773448499099889,1.5038286614818022,-1.775527934316658
05-08-2022,20.417999267578125,20.417999267578125,100,20.417999267578125,20.417999267578125,20.417999267578125,-0.008112694890547778,5972,22136.279923913044,2.966304347826087,295.3244516129032,296.8012258064516,269.3333548387097,3.5870967741935487,62.3,2.359677419354839,2.83,21595.490322580645,58.25161290322581,1513.548387096774,300.7431612903226,4145.19,21.15,2.29,91.77,-68869.74193548386,90.8221,-0.0016257460367924415,1.504889846781608,-1.885927199894531
08-08-2022,20.36899948120117,20.40999984741211,600,20.40999984741211,20.374000549316406,20.374000549316406,-0.0021548986110301316,5973,22142.236717391304,2.989130434782609,295.44629032258064,296.9656451612903,269.17387096774195,3.57741935483871,62.3,2.381935483870968,2.77,21587.158064516127,58.29032258064517,1508.7096774193549,300.5520322580645,4140.06,21.29,2.26,93.52,-69130.54838709677,90.8221,-0.0012375789770792123,1.5686704010998356,-1.7672003606795923
09-08-2022,19.98900032043457,19.98900032043457,100,19.98900032043457,19.98900032043457,19.98900032043457,-0.01889664368811228,5974,22144.22231521739,2.996739130434783,295.48690322580643,297.02045161290323,269.12070967741937,3.574193548387097,62.3,2.3893548387096777,2.8,21584.38064516129,58.303225806451614,1507.0967741935483,300.4883225806452,4122.47,21.77,2.26,93.18,-69217.48387096774,90.8221,-0.004248730694724312,1.5736944190645725,-1.7912604947558413
10-08-2022,20.707000732421875,20.707000732421875,100,20.707000732421875,20.707000732421875,20.707000732421875,0.03591977590061357,5975,22146.20791304348,3.0043478260869567,295.5275161290322,297.0752580645161,269.0675483870968,3.570967741935484,62.3,2.396774193548388,2.78,21581.60322580645,58.31612903225807,1505.483870967742,300.4246129032258,4210.24,19.74,2.29,94.68,-69304.41935483871,90.8221,0.021290634013103604,1.5730065265875504,-1.7444811434141603
11-08-2022,20.549999237060547,20.549999237060547,200,20.558000564575195,20.558000564575195,20.558000564575195,-0.007195642177835193,5976,22148.193510869565,3.01195652173913,295.56812903225807,297.13006451612904,269.0143870967742,3.567741935483871,62.3,2.404193548387097,2.87,21578.82580645161,58.32903225806452,1503.8709677419354,300.36090322580645,4207.27,20.2,2.29,97.02,-69391.35483870968,90.8221,-0.0007054229687617486,1.5715429437419492,-1.8308094307159302
12-08-2022,20.857999801635746,20.857999801635746,100,20.857999801635746,20.857999801635746,20.857999801635746,0.014592821715235127,5977,22150.17910869565,3.019565217391305,295.60874193548386,297.1848709677419,268.96122580645164,3.564516129032258,62.3,2.4116129032258065,2.84,21576.048387096773,58.34193548387097,1502.258064516129,300.2971935483871,4280.15,19.53,2.27,94.86,-69478.29032258065,90.8221,0.01732239670855429,1.4858236982923971,-1.9015763320587107
15-08-2022,20.94700050354004,20.989999771118164,500,20.989999771118164,20.94700050354004,20.94700050354004,0.004266981625789201,5978,22156.13590217391,3.0423913043478263,295.7305806451613,297.34929032258066,268.8017419354839,3.554838709677419,62.3,2.433870967741936,2.79,21567.71612903226,58.380645161290325,1497.4193548387098,300.10606451612904,4297.14,19.95,2.27,92.24,-69739.09677419355,90.8221,0.00396948705068767,1.4803115128999802,-1.8818559432243191
16-08-2022,20.99799919128418,21.030000686645508,200,21.030000686645508,20.99799919128418,20.99799919128418,0.002434653483467608,5979,22158.1215,3.05,295.7711935483871,297.40409677419353,268.7485806451613,3.5516129032258066,62.3,2.4412903225806453,2.82,21564.93870967742,58.39354838709678,1495.8064516129032,300.0423548387097,4305.2,19.69,2.27,89.23,-69826.03225806452,90.8221,0.0018756661407353103,1.5064616697670061,-1.8703199710035139
17-08-2022,20.49399948120117,20.49399948120117,100,20.49399948120117,20.49399948120117,20.49399948120117,-0.024002273049529954,5980,22160.107097826087,3.057608695652174,295.8118064516129,297.45890322580647,268.6954193548387,3.548387096774193,62.3,2.448709677419355,2.89,21562.16129032258,58.406451612903226,1494.1935483870968,299.9786451612903,4274.04,19.9,2.24,90.85,-69912.96774193548,90.8221,-0.0072377589891293725,1.5419771837806728,-1.8897830030823666
18-08-2022,20.35300064086914,20.36000061035156,2000,20.48600006103516,20.48600006103516,20.48600006103516,-0.00039032987062126434,5981,22162.092695652173,3.065217391304348,295.8524193548387,297.51370967741934,268.6422580645161,3.545161290322581,62.3,2.4561290322580644,2.88,21559.38387096774,58.41935483870968,1492.5806451612902,299.9149354838709,4283.74,19.56,2.24,93.2,-69999.90322580645,90.8221,0.0022695154935377104,1.529989038522323,-1.8826215465259333
19-08-2022,19.979999542236328,20.0,200,20.0,19.979999542236328,19.979999542236328,-0.02469982023290418,5982,22164.078293478266,3.0728260869565216,295.8930322580645,297.5685161290323,268.58909677419354,3.541935483870968,62.3,2.4635483870967745,2.98,21556.6064516129,58.43225806451613,1490.967741935484,299.8512258064516,4228.48,20.6,2.25,93.55,-70086.83870967742,90.8221,-0.012899942573545653,1.549631926866038,-1.9389764550796156
22-08-2022,19.51000022888184,19.57999992370605,200,19.57999992370605,19.51000022888184,19.51000022888184,-0.02352348969583018,5983,22170.035086956523,3.095652173913044,296.0148709677419,297.73293548387096,268.4296129032258,3.532258064516129,62.3,2.485806451612904,3.03,21548.274193548383,58.47096774193549,1486.1290322580646,299.6600967741935,4137.99,23.8,2.24,93.42,-70347.64516129032,90.8221,-0.021400124867564707,1.465831192413225,-2.083134473805785
23-08-2022,19.7549991607666,19.7549991607666,100,19.7549991607666,19.7549991607666,19.7549991607666,0.012557607842673235,5984,22172.02068478261,3.1032608695652173,296.05548387096775,297.7877419354839,268.3764516129032,3.5290322580645164,62.3,2.493225806451613,3.05,21545.496774193547,58.483870967741936,1484.516129032258,299.5963870967741,4128.73,24.11,2.24,96.46,-70434.58064516129,90.8221,-0.0022378014446627903,1.4497616853263717,-2.0951322020029344
24-08-2022,19.90900039672852,19.90900039672852,100,19.90900039672852,19.90900039672852,19.90900039672852,0.007795557707122702,5985,22174.00628260869,3.110869565217391,296.09609677419354,297.8425483870968,268.32329032258065,3.525806451612904,62.3,2.5006451612903224,3.11,21542.719354838708,58.49677419354839,1482.9032258064517,299.5326774193548,4140.77,22.82,2.23,95.52,-70521.51612903226,90.8221,0.0029161509713642175,1.4618189447250096,-2.1221536726468195
25-08-2022,20.42099952697754,20.42099952697754,0,20.42099952697754,20.42099952697754,20.42099952697754,0.025716968207663227,5986,22175.991880434784,3.118478260869565,296.13670967741933,297.8973548387097,268.27012903225807,3.52258064516129,62.3,2.5080645161290325,3.03,21539.941935483872,58.50967741935484,1481.2903225806451,299.46896774193544,4199.12,21.78,2.21,93.33,-70608.45161290323,90.8221,0.014091582000449021,1.4656799846503574,-2.0497537410999156
26-08-2022,19.79400062561035,20.399999618530277,100,20.399999618530277,19.79400062561035,19.79400062561035,-0.030703634292673976,5987,22177.97747826087,3.126086956521739,296.1773225806451,297.9521612903226,268.2169677419355,3.5193548387096776,62.3,2.515483870967742,3.04,21537.16451612904,58.52258064516129,1479.6774193548388,299.4052580645161,4057.66,25.56,2.19,93.63,-70695.3870967742,90.8221,-0.033688010821315006,1.353958330349485,-2.267945449621083
29-08-2022,19.59000015258789,19.59000015258789,100,19.59000015258789,19.59000015258789,19.59000015258789,-0.010306176951339285,5988,22183.93427173913,3.148913043478261,296.29916129032256,298.1165806451613,268.05748387096776,3.509677419354839,62.3,2.537741935483871,3.12,21528.832258064514,58.561290322580646,1474.8387096774193,299.21412903225803,4030.61,26.21,2.19,97.4,-70956.19354838709,90.8221,-0.0066664037893761074,1.3869598567641683,-2.2569551394619785
30-08-2022,19.290000915527344,19.5,2200,19.5,19.4060001373291,19.4060001373291,-0.009392547923716132,5989,22185.919869565216,3.1565217391304348,296.33977419354835,298.1713870967742,268.0043225806452,3.5064516129032257,62.3,2.545161290322581,3.11,21526.05483870968,58.5741935483871,1473.225806451613,299.1504193548387,3986.16,26.21,2.17,92.08,-71043.12903225806,90.8221,-0.011028107408059928,1.4588157982705057,-2.1383046109192825
31-08-2022,19.1299991607666,19.1299991607666,100,19.160999298095703,19.160999298095703,19.160999298095703,-0.012625004508895032,5990,22187.905467391305,3.1641304347826087,296.3803870967742,298.2261935483872,267.9511612903226,3.503225806451613,62.3,2.5525806451612905,3.15,21523.27741935484,58.58709677419355,1471.6129032258063,299.0867096774193,3955.0,25.87,2.18,90.09,-71130.06451612903,90.8221,-0.007817046982559583,1.4378615549561067,-2.199533740649627
01-09-2022,18.702999114990234,18.702999114990234,100,18.702999114990234,18.702999114990234,18.702999114990234,-0.023902729496524056,5991,22189.89106521739,3.1717391304347826,296.421,298.281,267.898,3.5,62.3,2.56,3.26,21520.5,58.6,1470.0,299.023,3966.85,25.56,2.22,87.09,-71217.0,90.8221,0.002996207332490508,1.4221506078333734,-2.3091103793145398
02-09-2022,18.565000534057617,18.565000534057617,100,18.565000534057617,18.565000534057617,18.565000534057617,-0.007378419903897315,5992,22191.87666304348,3.1793478260869565,296.47293333333334,298.3176666666667,267.8034333333334,3.5033333333333334,62.29666666666667,2.5773333333333333,3.2,21517.303333333333,58.64333333333334,1469.0,299.0148333333333,3924.26,25.47,2.24,87.29,-71351.96666666666,90.8221,-0.010736478566116592,1.3852945497474778,-2.3153042943022935
06-09-2022,18.413000106811523,18.450000762939453,500,18.450000762939453,18.413000106811523,18.413000106811523,-0.008187472279747476,5994,22199.819054347827,3.209782608695652,296.68066666666664,298.46433333333334,267.42516666666666,3.5166666666666666,62.28333333333333,2.6466666666666665,3.33,21504.516666666663,58.81666666666667,1465.0,298.98216666666667,3908.19,26.91,2.27,87.35,-71891.83333333333,90.8221,-0.0010269138331747696,1.3892917223277848,-2.402798072305902
07-09-2022,18.83799934387207,18.83799934387207,100,18.83799934387207,18.83799934387207,18.83799934387207,0.0230814769236507,5995,22201.804652173912,3.217391304347826,296.7326,298.501,267.3306,3.52,62.28,2.664,3.27,21501.32,58.86,1464.0,298.974,3979.87,24.64,2.24,82.5,-72026.8,90.8221,0.018340971140093032,1.3146276436865298,-2.469838922579792
08-09-2022,19.082000732421875,19.082000732421875,100,19.082000732421875,19.082000732421875,19.082000732421875,0.012952616893957769,5996,22203.79025,3.225,296.78453333333334,298.53766666666667,267.2360333333333,3.523333333333333,62.27666666666666,2.6813333333333333,3.29,21498.123333333333,58.903333333333336,1463.0,298.9658333333333,4006.18,23.61,2.25,84.04,-72161.76666666666,90.8221,0.006610768693449787,1.2300281706694451,-2.664205146880907
09-09-2022,19.590999603271484,19.590999603271484,100,19.590999603271484,19.590999603271484,19.590999603271484,0.026674292595785243,5997,22205.775847826088,3.232608695652174,296.83646666666664,298.57433333333336,267.1414666666667,3.526666666666667,62.27333333333333,2.6986666666666665,3.33,21494.926666666663,58.946666666666665,1462.0,298.9576666666666,4067.36,22.79,2.2,87.27,-72296.73333333334,90.8221,0.015271405678227268,1.263359641154712,-2.6147152400602027
12-09-2022,19.85400009155273,19.85400009155273,100,19.85400009155273,19.85400009155273,19.85400009155273,0.013424556868314674,5998,22211.73264130435,3.255434782608696,296.99226666666664,298.6843333333333,266.8577666666667,3.536666666666666,62.263333333333335,2.7506666666666666,3.37,21485.336666666662,59.07666666666667,1459.0,298.93316666666664,4110.41,23.87,2.2,88.18,-72701.63333333333,90.8221,0.01058426104401855,1.229896819543102,-2.7291520636492335
13-09-2022,19.018999099731445,19.018999099731445,100,19.018999099731445,19.018999099731445,19.018999099731445,-0.04205706598019776,5999,22213.71823913044,3.2630434782608697,297.0442,298.721,266.7632,3.54,62.26,2.768,3.42,21482.14,59.12,1458.0,298.925,3932.69,27.27,2.18,87.84,-72836.6,90.8221,-0.043236562775976095,1.1593913785345054,-2.986098680806398
14-09-2022,19.249000549316406,19.249000549316406,100,19.249000549316406,19.249000549316406,19.249000549316406,0.012093246778070998,6000,22215.70383695652,3.270652173913043,297.09613333333334,298.75766666666664,266.66863333333333,3.543333333333333,62.25666666666667,2.785333333333333,3.41,21478.943333333333,59.16333333333333,1457.0,298.91683333333333,3946.01,26.16,2.15,88.88,-72971.56666666667,90.8221,0.0033869946525153516,1.1848853643600719,-2.867709278405221
15-09-2022,19.10700035095215,19.10700035095215,0,19.10700035095215,19.10700035095215,19.10700035095215,-0.007377016692396543,6001,22217.68943478261,3.2782608695652176,297.14806666666664,298.7943333333333,266.5740666666667,3.546666666666667,62.25333333333333,2.802666666666666,3.45,21475.746666666662,59.20666666666666,1456.0,298.90866666666665,3901.35,26.27,2.12,85.72,-73106.53333333334,90.8221,-0.011317761485652666,1.1534679512541577,-2.997375881083835
16-09-2022,18.683000564575195,18.683000564575195,0,18.683000564575195,18.683000564575195,18.683000564575195,-0.022190808530331396,6002,22219.67503260869,3.285869565217391,297.2,298.831,266.47950000000003,3.55,62.25,2.8200000000000003,3.45,21472.55,59.25,1455.0,298.9005,3873.33,26.3,2.18,85.57,-73241.5,90.8221,-0.007182129262947479,1.1633167927283983,-2.984733677218558
19-09-2022,18.799999237060547,18.799999237060547,800,18.799999237060547,18.799999237060547,18.799999237060547,0.006262306318568056,6003,22225.63182608696,3.3086956521739133,297.3558,298.941,266.1958,3.56,62.24,2.872,3.49,21462.96,59.38,1452.0,298.876,3899.89,25.76,2.15,86.15,-73646.4,90.8221,0.006857148758303566,1.161865080650599,-2.9984012358222136
20-09-2022,18.618000030517575,18.618000030517575,100,18.618000030517575,18.618000030517575,18.618000030517575,-0.00968080925153425,6004,22227.61742391304,3.3163043478260867,297.40773333333334,298.97766666666666,266.1012333333333,3.563333333333333,62.236666666666665,2.889333333333333,3.57,21459.76333333333,59.42333333333333,1451.0,298.8678333333333,3855.93,27.16,2.13,84.69,-73781.36666666667,90.8221,-0.011272112803181633,1.1560331767203844,-3.0965208277213394
21-09-2022,18.285999298095703,18.285999298095703,100,18.285999298095703,18.285999298095703,18.285999298095703,-0.01783224470285072,6005,22229.60302173913,3.3239130434782607,297.45966666666664,299.0143333333333,266.00666666666666,3.566666666666667,62.23333333333333,2.9066666666666667,3.51,21456.566666666666,59.46666666666667,1450.0,298.85966666666667,3789.93,27.99,2.12,83.38,-73916.33333333333,90.8221,-0.017116493297336777,1.1470564838719413,-3.0755523326928875
22-09-2022,17.7549991607666,17.93000030517578,400,17.93000030517578,17.7549991607666,17.7549991607666,-0.029038617396447086,6006,22231.588619565217,3.3315217391304346,297.5116,299.051,265.9121,3.5700000000000003,62.23,2.924,3.7,21453.37,59.51,1449.0,298.8515,3757.99,27.35,2.08,84.02,-74051.3,90.8221,-0.008427596288058115,1.113958626321368,-3.3475557613040556
23-09-2022,17.299999237060547,17.34000015258789,6900,17.39900016784668,17.39900016784668,17.39900016784668,-0.02005063417330799,6007,22233.574217391302,3.3391304347826085,297.56353333333334,299.0876666666666,265.8175333333333,3.5733333333333333,62.22666666666667,2.9413333333333336,3.69,21450.17333333333,59.553333333333335,1448.0,298.84333333333336,3693.23,29.92,2.09,79.07,-74186.26666666666,90.8221,-0.01723261637204987,1.1169299324443664,-3.3216502901430687
26-09-2022,17.312999725341797,17.31999969482422,300,17.3700008392334,17.312999725341797,17.312999725341797,-0.00494283819042729,6008,22239.531010869563,3.3619565217391303,297.71933333333334,299.19766666666663,265.5338333333333,3.583333333333333,62.21666666666667,2.993333333333333,3.88,21440.58333333333,59.68333333333333,1445.0,298.8188333333334,3655.04,32.26,2.01,77.17,-74591.16666666667,90.8221,-0.010340542018774879,1.1263189709535661,-3.449238571291532
27-09-2022,17.34000015258789,17.34000015258789,100,17.46299934387207,17.46299934387207,17.46299934387207,0.008663987807422613,6009,22241.51660869565,3.369565217391304,297.77126666666663,299.2343333333333,265.43926666666664,3.586666666666667,62.21333333333334,3.010666666666667,3.97,21437.386666666665,59.72666666666667,1444.0,298.8106666666667,3647.29,32.6,2.08,78.91,-74726.13333333333,90.8221,-0.0021203598319033956,1.1328463427938833,-3.496799047276729
28-09-2022,17.860000610351562,17.860000610351562,100,17.8700008392334,17.8700008392334,17.8700008392334,0.02330650579243998,6010,22243.50220652173,3.377173913043478,297.8232,299.271,265.3447,3.59,62.21,3.028,3.72,21434.19,59.77,1443.0,298.8025,3719.04,30.18,2.25,82.61,-74861.1,90.8221,0.019672140136923533,1.1365342092896393,-3.252602045756353
29-09-2022,17.33099937438965,17.33099937438965,0,17.33099937438965,17.33099937438965,17.33099937438965,-0.030162363711834783,6011,22245.487804347824,3.384782608695652,297.87513333333334,299.30766666666665,265.25013333333334,3.5933333333333333,62.20666666666667,3.0453333333333337,3.76,21430.99333333333,59.81333333333333,1442.0,298.7943333333333,3640.47,31.84,2.27,81.78,-74996.06666666667,90.8221,-0.021126419721218426,1.147457565812954,-3.3030958848805616
30-09-2022,17.14299964904785,17.280000686645508,100,17.280000686645508,17.14299964904785,17.14299964904785,-0.010847598645673417,6012,22247.47340217392,3.392391304347826,297.92706666666663,299.3443333333333,265.15556666666663,3.5966666666666667,62.20333333333333,3.062666666666667,3.83,21427.796666666665,59.85666666666666,1441.0,298.7861666666667,3585.62,31.62,2.24,79.91,-75131.03333333334,90.8221,-0.01506673588849794,1.1429082096279597,-3.3605914860791395
03-10-2022,17.315000534057617,17.315000534057617,100,17.315000534057617,17.315000534057617,17.315000534057617,0.010033301553460605,6014,22252.806304347825,3.38695652173913,298.0260322580645,299.44132258064514,264.93816129032257,3.6,62.193548387096776,3.1251612903225805,3.67,21420.30322580645,59.693548387096776,1438.7096774193549,298.76490322580645,3678.43,30.1,2.29,84.05,-74446.32258064517,90.8221,0.017108354447647134,1.0953917783107687,-3.3412398841359447
04-10-2022,17.98900032043457,18.010000228881836,100,18.010000228881836,17.98900032043457,17.98900032043457,0.0389257733519115,6015,22254.47995652174,3.380434782608696,298.0495483870968,299.4714838709677,264.87674193548384,3.6,62.190322580645166,3.147741935483871,3.62,21418.15483870968,59.59032258064516,1438.0645161290322,298.7583548387097,3790.93,29.07,2.27,86.87,-74036.48387096774,90.8221,0.030583700111188827,1.1156480105414275,-3.2098602720675156
05-10-2022,17.770000457763672,17.770000457763672,100,17.95599937438965,17.95599937438965,17.95599937438965,-0.0018345069463050478,6016,22256.15360869565,3.373913043478261,298.073064516129,299.5016451612903,264.8153225806452,3.6,62.18709677419355,3.1703225806451614,3.76,21416.006451612902,59.487096774193546,1437.4193548387098,298.75180645161294,3783.28,28.55,2.22,88.22,-73626.64516129032,90.8221,-0.0020179744811957834,1.1142052922553929,-3.3762490028489607
06-10-2022,17.94099998474121,17.979999542236328,200,17.979999542236328,17.94099998474121,17.94099998474121,-0.0008353413995898507,6017,22257.82726086956,3.367391304347826,298.0965806451613,299.53180645161285,264.7539032258064,3.6,62.18387096774194,3.192903225806452,3.83,21413.858064516127,59.383870967741935,1436.774193548387,298.7452580645161,3744.52,30.52,2.16,88.9,-73216.80645161291,90.8221,-0.010245078344716774,1.1012299140819977,-3.4786880490737793
07-10-2022,17.208999633789062,17.208999633789062,100,17.208999633789062,17.208999633789062,17.208999633789062,-0.0408004209115832,6018,22259.50091304348,3.360869565217391,298.12009677419354,299.56196774193546,264.6924838709677,3.6,62.18064516129032,3.215483870967742,3.89,21411.709677419352,59.28064516129032,1436.1290322580646,298.73870967741937,3639.66,31.36,2.17,93.07,-72806.96774193548,90.8221,-0.028003589245083504,1.1088021576905558,-3.545087276073456
10-10-2022,16.94499969482422,16.94499969482422,100,16.94499969482422,16.94499969482422,16.94499969482422,-0.015340806821013131,6019,22264.52186956522,3.3413043478260867,298.1906451612903,299.6524516129032,264.5082258064516,3.6,62.170967741935485,3.283225806451613,3.92,21405.26451612903,58.97096774193548,1434.1935483870968,298.71906451612904,3612.39,32.45,2.215,91.6,-71577.45161290323,90.8221,-0.007492458086744369,1.1419073183910502,-3.446287403049414
11-10-2022,16.5,16.6200008392334,400,16.6200008392334,16.551000595092773,16.551000595092773,-0.023251643955578882,6020,22266.19552173913,3.334782608695652,298.2141612903226,299.6826129032258,264.4468064516129,3.6,62.16774193548388,3.305806451612903,3.93,21403.116129032256,58.86774193548387,1433.548387096774,298.7125161290323,3588.84,33.63,2.23,89.75,-71167.6129032258,90.8221,-0.006519229651283376,1.146810595906199,-3.4471704901119757
12-10-2022,16.59000015258789,16.68000030517578,65700,16.700000762939453,16.697999954223633,16.697999954223633,0.008881599531477491,6021,22267.869173913045,3.3282608695652174,298.23767741935484,299.71277419354834,264.3853870967742,3.6,62.16451612903226,3.3283870967741933,3.91,21400.96774193548,58.76451612903226,1432.9032258064517,298.70596774193547,3577.03,33.57,2.27,87.83,-70757.7741935484,90.8221,-0.0032907569019515748,1.152064949018697,-3.3861965888220174
13-10-2022,16.760000228881836,16.760000228881836,0,16.760000228881836,16.760000228881836,16.760000228881836,0.0037130359820440884,6022,22269.54282608696,3.3217391304347825,298.2611935483871,299.7429354838709,264.32396774193546,3.6,62.16129032258065,3.350967741935484,3.97,21398.81935483871,58.66129032258065,1432.258064516129,298.6994193548387,3669.91,31.94,2.28,89.59,-70347.93548387097,90.8221,0.025965675434648228,1.0541596039723662,-3.7625108655955755
14-10-2022,16.299999237060547,16.540000915527344,345300,16.93000030517578,16.417999267578125,16.417999267578125,-0.02040578500198076,6023,22271.216478260867,3.315217391304348,298.28470967741936,299.7730967741935,264.2625483870968,3.6,62.15806451612904,3.373548387096774,4.0,21396.67096774193,58.55806451612903,1431.6129032258063,298.69287096774195,3583.07,32.02,2.28,86.1,-69938.09677419355,90.8221,-0.023662705624933444,1.0591873956175446,-3.7957454947412197
17-10-2022,16.709999084472656,16.739999771118164,10300,16.899999618530273,16.86199951171875,16.86199951171875,0.027043504930434947,6024,22276.237434782608,3.2956521739130435,298.35525806451614,299.8635806451613,264.07829032258064,3.6,62.148387096774194,3.4412903225806453,4.02,21390.225806451614,58.2483870967742,1429.6774193548388,298.6732258064516,3677.95,31.37,2.28,86.0,-68708.58064516129,90.8221,0.026480085513260976,1.0619094795812778,-3.760166541355323
18-10-2022,17.07699966430664,17.100000381469727,300,17.100000381469727,17.07699966430664,17.07699966430664,0.012750572815428463,6025,22277.911086956523,3.2891304347826087,298.3787741935484,299.89374193548383,264.0168709677419,3.6,62.14516129032258,3.4638709677419355,4.01,21388.07741935484,58.14516129032258,1429.032258064516,298.66667741935487,3719.98,30.5,2.28,83.29,-68298.74193548388,90.8221,0.011427561549232745,1.064324065232168,-3.7556694974407305
19-10-2022,17.0,17.06999969482422,24200,17.15999984741211,17.1299991607666,17.1299991607666,0.0031035601980327066,6026,22279.58473913044,3.282608695652174,298.40229032258065,299.92390322580644,263.95545161290323,3.6,62.14193548387097,3.4864516129032257,4.14,21385.929032258064,58.04193548387097,1428.3870967741937,298.66012903225806,3695.16,30.76,2.25,86.0,-67888.90322580645,90.8221,-0.006672078882144605,1.0496534006982052,-3.941202340744287
20-10-2022,16.969999313354492,17.030000686645508,37400,17.280000686645508,17.020999908447266,17.020999908447266,-0.006363062326878555,6027,22281.25839130435,3.276086956521739,298.4258064516129,299.954064516129,263.8940322580645,3.6,62.13870967741936,3.509032258064516,4.24,21383.78064516129,57.93870967741936,1427.741935483871,298.6535806451613,3665.78,29.98,2.24,86.02,-67479.06451612903,90.8221,-0.007950941231232078,1.041307810720074,-4.0779133879640055
21-10-2022,16.940000534057617,17.0,159700,17.739999771118164,17.290000915527344,17.290000915527344,0.015804066067033773,6028,22282.93204347826,3.269565217391304,298.4493225806452,299.9842258064516,263.83261290322577,3.6,62.13548387096775,3.531612903225806,4.21,21381.63225806452,57.83548387096774,1427.0967741935483,298.64703225806454,3752.75,29.69,2.36,85.47,-67069.2258064516,90.8221,0.023724828003862664,0.9932764703131913,-4.222586620430552
24-10-2022,17.145000457763672,17.145000457763672,69300,17.790000915527344,17.256000518798828,17.256000518798828,-0.001966477439453551,6029,22287.953,3.25,298.51987096774195,300.0747096774193,263.6483548387097,3.6,62.1258064516129,3.599354838709677,4.25,21375.187096774192,57.52580645161291,1425.1612903225807,298.6273870967742,3797.34,29.85,2.34,86.12,-65839.70967741935,90.8221,0.011881953234294862,0.96654004172381,-4.39916226321688
25-10-2022,17.420000076293945,17.43000030517578,32900,17.6299991607666,17.540000915527344,17.540000915527344,0.01645806607499356,6030,22289.62665217392,3.243478260869565,298.5433870967742,300.104870967742,263.58693548387095,3.6,62.12258064516129,3.621935483870968,4.1,21373.038709677418,57.42258064516129,1424.516129032258,298.6208387096774,3859.11,28.46,2.37,86.93,-65429.87096774194,90.8221,0.01626664981276371,0.9808751972477685,-4.163161577928559
26-10-2022,17.239999771118164,17.440000534057617,46500,17.440000534057617,17.25,17.25,-0.01653368873376848,6031,22291.300304347824,3.2369565217391303,298.56690322580647,300.1350322580645,263.5255161290322,3.6,62.11935483870968,3.644516129032258,4.04,21370.89032258065,57.31935483870968,1423.8709677419354,298.61429032258064,3830.6,27.28,2.33,89.39,-65020.03225806452,90.8221,-0.007387713747470381,0.9807758728355136,-4.136045554430244
27-10-2022,17.040000915527344,17.309999465942383,74800,17.309999465942383,17.079999923706055,17.079999923706055,-0.009855076886605474,6032,22292.97395652174,3.2304347826086954,298.5904193548388,300.1651935483871,263.46409677419354,3.6,62.11612903225807,3.667096774193548,3.96,21368.74193548387,57.21612903225807,1423.225806451613,298.6077419354839,3807.3,27.39,2.34,89.06,-64610.1935483871,90.8221,-0.006082598026418751,0.9902110272170139,-4.009100048142137
28-10-2022,16.920000076293945,16.93000030517578,10700,17.139999389648438,17.132999420166016,17.132999420166016,0.0031030150290809466,6033,22294.647608695654,3.223913043478261,298.613935483871,300.19535483870965,263.4026774193548,3.6,62.112903225806456,3.68967741935484,4.02,21366.593548387096,57.112903225806456,1422.5806451612902,298.6011935483871,3901.06,25.75,2.3,87.85,-64200.35483870968,90.8221,0.024626375646783716,0.9222286431738499,-4.355641103432623
31-10-2022,17.003000259399414,17.049999237060547,3400,17.09000015258789,17.003000259399414,17.003000259399414,-0.007587647532024566,6034,22299.66856521739,3.2043478260869565,298.68448387096777,300.2858387096774,263.2184193548387,3.6,62.10322580645161,3.7574193548387096,4.1,21360.14838709677,56.803225806451614,1420.645161290323,298.58154838709675,3871.98,25.88,2.28,86.54,-62970.83870967742,90.8221,-0.007454384193014141,0.9179451335595472,-4.4747637929119914
01-11-2022,16.9689998626709,16.9689998626709,100,16.9689998626709,16.9689998626709,16.9689998626709,-0.0019996704234430673,6035,22301.342217391302,3.1978260869565216,298.708,300.316,263.157,3.6,62.1,3.78,4.07,21358.0,56.7,1420.0,298.575,3856.1,25.81,2.22,88.36,-62561.0,90.8221,-0.00410126085362017,0.9205406188809995,-4.423487227943649
02-11-2022,16.354999542236328,16.850000381469727,600,16.850000381469727,16.354999542236328,16.354999542236328,-0.036183648146834724,6036,22303.015869565217,3.1913043478260867,298.71133333333336,300.3532333333333,262.9816666666666,3.5966666666666667,62.10666666666667,3.790666666666666,4.1,21353.376666666667,56.803333333333335,1417.3333333333333,298.55056666666667,3759.69,25.86,2.18,90.06,-62834.36666666667,90.8221,-0.025001944970306722,0.9527102182381098,-4.341491850266985
03-11-2022,16.138999938964844,16.25,500,16.299999237060547,16.138999938964844,16.138999938964844,-0.013206946457789304,6037,22304.68952173913,3.184782608695652,298.7146666666667,300.39046666666667,262.8063333333333,3.5933333333333333,62.11333333333334,3.801333333333333,4.14,21348.75333333333,56.906666666666666,1414.6666666666667,298.52613333333335,3719.89,25.3,2.19,88.14,-63107.73333333333,90.8221,-0.010585979163175718,0.9356780475333079,-4.438713676575751
04-11-2022,15.890000343322754,15.979999542236328,200,15.979999542236328,15.958000183105469,15.958000183105469,-0.011215054002347569,6038,22306.363173913043,3.178260869565217,298.718,300.4277,262.631,3.59,62.120000000000005,3.812,4.17,21344.13,57.010000000000005,1412.0,298.5017,3770.55,24.55,2.22,92.58,-63381.1,90.8221,0.013618682272863003,0.8987095352429271,-4.652465440763502
07-11-2022,15.92300033569336,15.93000030517578,300,15.93000030517578,15.92300033569336,15.92300033569336,-0.002193247713404789,6039,22311.384130434784,3.158695652173913,298.728,300.5394,262.105,3.58,62.14,3.844,4.22,21330.26,57.32,1404.0,298.4284,3806.8,24.35,2.22,91.8,-64201.2,90.8221,0.00961398204505981,0.9015325740309821,-4.683350739990349
08-11-2022,15.920000076293944,15.920000076293944,800,16.038999557495117,16.038999557495117,16.038999557495117,0.007285010321938623,6040,22313.057782608696,3.152173913043478,298.73133333333334,300.5766333333333,261.92966666666666,3.5766666666666667,62.14666666666667,3.854666666666666,4.14,21325.636666666665,57.42333333333333,1401.3333333333333,298.40396666666663,3828.11,25.54,2.23,88.8,-64474.566666666666,90.8221,0.005597877482399927,0.9107949536694706,-4.5374812113614675
09-11-2022,15.64900016784668,15.899999618530272,4900,15.899999618530272,15.64900016784668,15.64900016784668,-0.024315693023770235,6041,22314.73143478261,3.145652173913043,298.73466666666667,300.61386666666664,261.7543333333333,3.5733333333333333,62.153333333333336,3.865333333333333,4.12,21321.01333333333,57.52666666666667,1398.6666666666667,298.3795333333333,3748.57,26.09,2.33,85.79,-64747.93333333333,90.8221,-0.020777877333723382,0.892134809506749,-4.645391760147903
10-11-2022,16.572999954223633,16.572999954223633,200,16.783000946044922,16.783000946044922,16.783000946044922,0.07246474318073193,6042,22316.40508695652,3.139130434782609,298.738,300.6511,261.579,3.5700000000000003,62.16,3.876,3.82,21316.39,57.63,1396.0,298.3551,3956.37,23.53,2.36,86.52,-65021.3,90.8221,0.05543447234545429,1.011571737474065,-3.704665836332096
11-11-2022,17.22599983215332,17.22599983215332,100,17.22599983215332,17.22599983215332,17.22599983215332,0.0263956897537323,6043,22318.07873913044,3.132608695652174,298.74133333333333,300.68833333333333,261.40366666666665,3.566666666666667,62.16666666666666,3.8866666666666654,3.835,21311.766666666663,57.73333333333333,1393.3333333333333,298.3306666666667,3992.93,22.52,2.3375,89.14,-65294.66666666666,90.8221,0.009240793960120008,1.0370780871074055,-3.6724373579902165
14-11-2022,17.05500030517578,17.209999084472656,800,17.209999084472656,17.05500030517578,17.05500030517578,-0.009926827391369075,6044,22323.09969565217,3.1130434782608694,298.7513333333333,300.8000333333333,260.87766666666664,3.556666666666666,62.18666666666667,3.9186666666666654,3.88,21297.896666666667,58.04333333333334,1385.3333333333333,298.25736666666666,3957.25,23.73,2.27,85.85,-66114.76666666666,90.8221,-0.008935794015923149,1.0405472239778222,-3.738347225146484
15-11-2022,17.357999801635742,17.479999542236328,1400,17.479999542236328,17.357999801635742,17.357999801635742,0.017766021169053126,6045,22324.773347826085,3.1065217391304345,298.75466666666665,300.83726666666666,260.70233333333334,3.553333333333333,62.193333333333335,3.929333333333333,3.8,21293.27333333333,58.14666666666667,1382.6666666666667,298.23293333333334,3991.73,24.54,2.23,86.87,-66388.13333333333,90.8221,0.008713121485880437,1.0187238339604108,-3.7127176696426742
16-11-2022,16.97100067138672,16.97100067138672,100,16.97100067138672,16.97100067138672,16.97100067138672,-0.02229514544714728,6046,22326.447,3.1,298.75800000000004,300.8745,260.527,3.55,62.2,3.94,3.67,21288.65,58.25,1380.0,298.2085,3958.79,24.11,2.24,85.62,-66661.5,90.8221,-0.008252061136399536,1.0311804643454225,-3.5806488515964654
17-11-2022,16.690000534057617,16.690000534057617,200,16.709999084472656,16.709999084472656,16.709999084472656,-0.01537926914080645,6047,22328.120652173915,3.093478260869565,298.76133333333337,300.9117333333333,260.35166666666663,3.546666666666667,62.20666666666666,3.9506666666666654,3.77,21284.026666666665,58.35333333333333,1377.3333333333333,298.18406666666664,3946.56,23.93,2.18,81.69,-66934.86666666667,90.8221,-0.003089327799655983,1.052440787947493,-3.596762224051755
18-11-2022,16.732999801635742,16.732999801635742,100,16.732999801635742,16.732999801635742,16.732999801635742,0.0013764642982212472,6048,22329.794304347823,3.0869565217391304,298.7646666666667,300.94896666666665,260.17633333333333,3.543333333333333,62.21333333333333,3.961333333333333,3.82,21279.40333333333,58.45666666666666,1374.6666666666667,298.1596333333333,3965.34,23.12,2.13,80.07,-67208.23333333334,90.8221,0.004758574556069206,1.026783435647448,-3.719015522775657
21-11-2022,16.530000686645508,16.610000610351562,3600,16.667999267578125,16.530000686645508,16.530000686645508,-0.012131663024964046,6049,22334.815260869567,3.067391304347826,298.7746666666667,301.06066666666663,259.6503333333333,3.533333333333333,62.23333333333333,3.993333333333333,3.83,21265.533333333333,58.766666666666666,1366.6666666666667,298.0863333333333,3949.94,22.36,2.08,79.74,-68028.33333333333,90.8221,-0.0038836518432215916,1.0255758904908063,-3.7463162879016667
22-11-2022,16.822999954223633,16.822999954223633,100,16.822999954223633,16.822999954223633,16.822999954223633,0.017725302807448662,6050,22336.48891304348,3.0608695652173914,298.778,301.0979,259.475,3.53,62.24,4.004,3.76,21260.91,58.87,1364.0,298.0619,4003.58,21.29,2.07,80.83,-68301.7,90.8221,0.013579953113211918,1.0189615384699313,-3.6726358708415394
23-11-2022,17.12299919128418,17.12299919128418,100,17.12299919128418,17.12299919128418,17.12299919128418,0.01783268369951041,6051,22338.16256521739,3.0543478260869565,298.7813333333333,301.13513333333333,259.29966666666667,3.526666666666667,62.24666666666666,4.014666666666666,3.71,21256.286666666667,58.97333333333333,1361.3333333333333,298.03746666666666,4027.26,20.35,2.02,77.93,-68575.06666666667,90.8221,0.0059147063378277576,1.035432239890341,-3.565822247037154
25-11-2022,17.062000274658203,17.062000274658203,100,17.062000274658203,17.062000274658203,17.062000274658203,-0.0035623967474708307,6053,22341.50986956522,3.041304347826087,298.788,301.2096,258.949,3.52,62.26,4.036,3.68,21247.04,59.18,1356.0,297.9886,4026.12,20.5,2.06,76.45,-69121.8,90.8221,-0.0001415554711190481,1.0919024677749583,-3.37352694536327
28-11-2022,16.795000076293945,16.940000534057617,100,16.940000534057617,16.795000076293945,16.795000076293945,-0.01564882159572034,6054,22346.53082608696,3.0217391304347823,298.798,301.3213,258.423,3.51,62.28,4.068,3.69,21233.17,59.49,1348.0,297.9153,3963.94,22.21,2.05,77.1,-69941.9,90.8221,-0.01544414970244301,1.1110477730422688,-3.3352740642726104
29-11-2022,16.71500015258789,16.71500015258789,100,16.71500015258789,16.71500015258789,16.71500015258789,-0.004763317853089699,6055,22348.204478260872,3.015217391304348,298.80133333333333,301.3585333333333,258.24766666666665,3.506666666666667,62.28666666666666,4.078666666666666,3.75,21228.546666666665,59.59333333333333,1345.3333333333333,297.8908666666666,3957.63,21.89,2.06,77.96,-70215.26666666666,90.8221,-0.0015918505325509535,1.1092166003719641,-3.3850587131440055
30-11-2022,16.600000381469727,16.600000381469727,900,17.32200050354004,17.32200050354004,17.32200050354004,0.036314708071251145,6056,22349.878130434783,3.008695652173913,298.80466666666666,301.39576666666665,258.07233333333335,3.5033333333333334,62.29333333333333,4.089333333333333,3.68,21223.92333333333,59.696666666666665,1342.6666666666667,297.8664333333333,4080.11,20.58,2.15,80.48,-70488.63333333333,90.8221,0.030947814727501077,1.123472685781775,-3.2432344266503192
01-12-2022,17.40999984741211,17.40999984741211,100,17.496000289916992,17.496000289916992,17.496000289916992,0.010045016817854968,6057,22351.55178260869,3.002173913043478,298.808,301.433,257.897,3.5,62.3,4.1,3.53,21219.3,59.8,1340.0,297.842,4076.57,19.84,2.09,81.06,-70762.0,90.8221,-0.0008676236670089876,1.1333381659054422,-3.1058293888567636
02-12-2022,17.440000534057617,17.440000534057617,1200,17.447999954223633,17.447999954223633,17.447999954223633,-0.002743503366367861,6058,22353.22543478261,2.995652173913044,298.86116129032257,301.47338709677416,257.97216129032256,3.5,62.30322580645161,4.10741935483871,3.51,21218.84193548387,59.964516129032255,1340.6774193548388,297.83961290322577,4071.7,19.06,2.03,79.86,-70736.12903225806,90.8221,-0.0011946317615054713,1.1408152357612615,-3.079151989955961
05-12-2022,17.049999237060547,17.09000015258789,1294100,17.09000015258789,17.075000762939453,17.075000762939453,-0.02137776205082398,6059,22358.24639130435,2.976086956521739,299.0206451612903,301.5945483870968,258.1976451612903,3.5,62.31290322580645,4.129677419354838,3.6,21217.467741935485,60.45806451612903,1342.7096774193549,297.8324516129032,3998.84,20.75,1.99,76.83,-70658.51612903226,90.8221,-0.017894245646781326,1.1579716865061243,-3.1273456892347524
06-12-2022,16.68199920654297,16.700000762939453,900,16.700000762939453,16.68199920654297,16.68199920654297,-0.023016195539474094,6060,22359.92004347826,2.9695652173913043,299.0738064516129,301.63493548387095,258.2728064516129,3.5,62.31612903225806,4.137096774193548,3.51,21217.009677419355,60.622580645161285,1343.3870967741937,297.830064516129,3941.26,22.17,1.97,74.21,-70632.64516129032,90.8221,-0.014399175760970717,1.1824084234745147,-2.987982938380702
07-12-2022,16.604000091552734,16.604000091552734,200,16.604000091552734,16.604000091552734,16.604000091552734,-0.0046756455281236065,6061,22361.593695652176,2.963043478260869,299.12696774193546,301.6753225806452,258.34796774193546,3.5,62.31935483870968,4.144516129032258,3.42,21216.551612903226,60.78709677419355,1344.0645161290322,297.8276774193548,3933.92,22.68,1.95,71.93,-70606.7741935484,90.8221,-0.001862348589029894,1.1828879681820226,-2.8951817396464845
08-12-2022,16.739999771118164,16.739999771118164,156300,16.7810001373291,16.7810001373291,16.7810001373291,0.010660084606143538,6062,22363.267347826088,2.9565217391304346,299.18012903225804,301.71570967741934,258.42312903225803,3.5,62.32258064516129,4.151935483870967,3.48,21216.093548387096,60.95161290322581,1344.741935483871,297.8252903225806,3963.51,22.29,1.91,71.3,-70580.90322580645,90.8221,0.007521759466384781,1.1804019961182968,-2.9391172895358
09-12-2022,16.780399322509766,16.908300399780273,39612,16.940000534057617,16.780399322509766,16.780399322509766,-3.5803278375490244e-05,6063,22364.941000000003,2.95,299.2332903225807,301.7560967741936,258.49829032258066,3.5,62.3258064516129,4.159354838709677,3.57,21215.635483870967,61.11612903225807,1345.4193548387098,297.82290322580644,3934.38,22.83,1.9,71.05,-70555.03225806452,90.8221,-0.007349546235533633,1.1677219757264796,-3.0572652373501272
